root	experiment_dir	run_dir	configs	run_status	trainer_state	global_step	latest_checkpoint	latest_checkpoint_step	latest_checkpoint_mtime	best_model_checkpoint	best_metric	tensorboard_event_files	inventory_generated_at
runs	runs/segmentation_caduceus_ps_middle_loss	runs/segmentation_caduceus_ps_middle_loss/20260727_203217_975511	segmentation/configs/caduceus_ps_middle_loss.json	HAS_CHECKPOINTS_NO_COMPLETION_MARKER	runs/segmentation_caduceus_ps_middle_loss/20260727_203217_975511/checkpoint-70000/trainer_state.json	70000	runs/segmentation_caduceus_ps_middle_loss/20260727_203217_975511/checkpoint-70000	70000	2026-07-28T10:47:34	/external/nfs/01-home/vsefishman/DNALM/GENATATOR/runs/segmentation_caduceus_ps_middle_loss/20260727_203217_975511/checkpoint-66000	0.3970629240635747	1	2026-08-03T15:50:38+03:00
runs	runs/segmentation_caduceus_ps_middle_loss	runs/segmentation_caduceus_ps_middle_loss/20260728_110224_763525	segmentation/configs/caduceus_ps_middle_loss.json	HAS_CHECKPOINTS_NO_COMPLETION_MARKER	runs/segmentation_caduceus_ps_middle_loss/20260728_110224_763525/checkpoint-127000/trainer_state.json	127000	runs/segmentation_caduceus_ps_middle_loss/20260728_110224_763525/checkpoint-127000	127000	2026-07-29T12:37:28	/external/nfs/01-home/vsefishman/DNALM/GENATATOR/runs/segmentation_caduceus_ps_middle_loss/20260728_110224_763525/checkpoint-127000	0.44823286939263635	1	2026-08-03T15:50:38+03:00
runs	runs/segmentation_caduceus_ps_middle_loss	runs/segmentation_caduceus_ps_middle_loss/20260729_125207_881990	segmentation/configs/caduceus_ps_middle_loss.json	HAS_CHECKPOINTS_NO_COMPLETION_MARKER	runs/segmentation_caduceus_ps_middle_loss/20260729_125207_881990/checkpoint-6000/trainer_state.json	6000	runs/segmentation_caduceus_ps_middle_loss/20260729_125207_881990/checkpoint-6000	6000	2026-07-29T14:16:14	/external/nfs/01-home/vsefishman/DNALM/GENATATOR/runs/segmentation_caduceus_ps_middle_loss/20260729_125207_881990/checkpoint-6000	0.022819326404239837	1	2026-08-03T15:50:38+03:00
runs	runs/segmentation_caduceus_ps_middle_loss_multispecies_250k	runs/segmentation_caduceus_ps_middle_loss_multispecies_250k/resume_ckpt500000_multispecies_250k_20260731_222332_185532	segmentation/configs/caduceus_ps_middle_loss_multispecies_250k_resume_ckpt500000.json,segmentation/configs/caduceus_ps_middle_loss_multispecies_250k_resume_ckpt512000.json	HAS_CHECKPOINTS_NO_COMPLETION_MARKER			runs/segmentation_caduceus_ps_middle_loss_multispecies_250k/resume_ckpt500000_multispecies_250k_20260731_222332_185532/checkpoint-500001	500001	2026-08-01T00:24:41			1	2026-08-03T15:50:38+03:00
runs	runs/segmentation_caduceus_ps_middle_loss_multispecies_250k	runs/segmentation_caduceus_ps_middle_loss_multispecies_250k/resume_ckpt500000_multispecies_250k_20260801_142608_093607	segmentation/configs/caduceus_ps_middle_loss_multispecies_250k_resume_ckpt500000.json,segmentation/configs/caduceus_ps_middle_loss_multispecies_250k_resume_ckpt512000.json	HAS_CHECKPOINTS_NO_COMPLETION_MARKER			runs/segmentation_caduceus_ps_middle_loss_multispecies_250k/resume_ckpt500000_multispecies_250k_20260801_142608_093607/checkpoint-501000	501000	2026-08-01T15:48:00			1	2026-08-03T15:50:38+03:00
runs	runs/segmentation_caduceus_ps_middle_loss_multispecies_250k	runs/segmentation_caduceus_ps_middle_loss_multispecies_250k/resume_ckpt500000_multispecies_250k_20260801_202825_105344	segmentation/configs/caduceus_ps_middle_loss_multispecies_250k_resume_ckpt500000.json,segmentation/configs/caduceus_ps_middle_loss_multispecies_250k_resume_ckpt512000.json	HAS_CHECKPOINTS_NO_COMPLETION_MARKER	runs/segmentation_caduceus_ps_middle_loss_multispecies_250k/resume_ckpt500000_multispecies_250k_20260801_202825_105344/checkpoint-512000/trainer_state.json	512000	runs/segmentation_caduceus_ps_middle_loss_multispecies_250k/resume_ckpt500000_multispecies_250k_20260801_202825_105344/checkpoint-512000	512000	2026-08-02T12:45:49	/external/nfs/01-home/vsefishman/DNALM/GENATATOR/runs/segmentation_caduceus_ps_middle_loss_multispecies_250k/resume_ckpt500000_multispecies_250k_20260801_202825_105344/checkpoint-512000	0.608449394509373	1	2026-08-03T15:50:38+03:00
runs	runs/segmentation_caduceus_ps_middle_loss_multispecies_250k	runs/segmentation_caduceus_ps_middle_loss_multispecies_250k/resume_ckpt500000_multispecies_250k_20260802_144952_885519	segmentation/configs/caduceus_ps_middle_loss_multispecies_250k_resume_ckpt500000.json,segmentation/configs/caduceus_ps_middle_loss_multispecies_250k_resume_ckpt512000.json	TENSORBOARD_ONLY_OR_NO_CHECKPOINT								1	2026-08-03T15:50:38+03:00
runs	runs/segmentation_caduceus_ps_middle_loss_multispecies_250k	runs/segmentation_caduceus_ps_middle_loss_multispecies_250k/resume_ckpt500000_multispecies_250k_20260802_152110_547981	segmentation/configs/caduceus_ps_middle_loss_multispecies_250k_resume_ckpt500000.json,segmentation/configs/caduceus_ps_middle_loss_multispecies_250k_resume_ckpt512000.json	TENSORBOARD_ONLY_OR_NO_CHECKPOINT								1	2026-08-03T15:50:38+03:00
runs	runs/segmentation_caduceus_ps_middle_loss_multispecies_250k	runs/segmentation_caduceus_ps_middle_loss_multispecies_250k/resume_ckpt500000_multispecies_250k_20260802_214904_102603	segmentation/configs/caduceus_ps_middle_loss_multispecies_250k_resume_ckpt500000.json,segmentation/configs/caduceus_ps_middle_loss_multispecies_250k_resume_ckpt512000.json	HAS_CHECKPOINTS_NO_COMPLETION_MARKER	runs/segmentation_caduceus_ps_middle_loss_multispecies_250k/resume_ckpt500000_multispecies_250k_20260802_214904_102603/checkpoint-525000/trainer_state.json	525000	runs/segmentation_caduceus_ps_middle_loss_multispecies_250k/resume_ckpt500000_multispecies_250k_20260802_214904_102603/checkpoint-525000	525000	2026-08-03T15:20:47	/external/nfs/01-home/vsefishman/DNALM/GENATATOR/runs/segmentation_caduceus_ps_middle_loss_multispecies_250k/resume_ckpt500000_multispecies_250k_20260802_214904_102603/checkpoint-521000	0.6297475254000785	1	2026-08-03T15:50:38+03:00
runs	runs/segmentation_gena_base_amt_unet	runs/segmentation_gena_base_amt_unet/20260727_203218_345772	segmentation/configs/gena_base_amt_unet.json	HAS_CHECKPOINTS_NO_COMPLETION_MARKER	runs/segmentation_gena_base_amt_unet/20260727_203218_345772/checkpoint-25000/trainer_state.json	25000	runs/segmentation_gena_base_amt_unet/20260727_203218_345772/checkpoint-25000	25000	2026-07-28T10:32:12	/external/nfs/01-home/vsefishman/DNALM/GENATATOR/runs/segmentation_gena_base_amt_unet/20260727_203218_345772/checkpoint-25000	0.3589784263959391	1	2026-08-03T15:50:38+03:00
runs	runs/segmentation_gena_base_amt_unet	runs/segmentation_gena_base_amt_unet/20260728_110409_981923	segmentation/configs/gena_base_amt_unet.json	HAS_CHECKPOINTS_NO_COMPLETION_MARKER	runs/segmentation_gena_base_amt_unet/20260728_110409_981923/checkpoint-44000/trainer_state.json	44000	runs/segmentation_gena_base_amt_unet/20260728_110409_981923/checkpoint-44000	44000	2026-07-29T12:20:53	/external/nfs/01-home/vsefishman/DNALM/GENATATOR/runs/segmentation_gena_base_amt_unet/20260728_110409_981923/checkpoint-41000	0.42852910280927625	1	2026-08-03T15:50:38+03:00
runs	runs/segmentation_gena_base_amt_unet	runs/segmentation_gena_base_amt_unet/20260729_131509_977441	segmentation/configs/gena_base_amt_unet.json	HAS_CHECKPOINTS_NO_COMPLETION_MARKER	runs/segmentation_gena_base_amt_unet/20260729_131509_977441/checkpoint-2000/trainer_state.json	2000	runs/segmentation_gena_base_amt_unet/20260729_131509_977441/checkpoint-2000	2000	2026-07-29T14:18:10	/external/nfs/01-home/vsefishman/DNALM/GENATATOR/runs/segmentation_gena_base_amt_unet/20260729_131509_977441/checkpoint-2000	0.014917421417155035	1	2026-08-03T15:50:38+03:00
runs	runs/segmentation_moderngena_base_amt_unet	runs/segmentation_moderngena_base_amt_unet/20260727_203217_967691	segmentation/configs/moderngena_base_amt_unet.json,segmentation/configs/moderngena_base_amt_unet_multispecies_250k_resume_ckpt180000.json	HAS_CHECKPOINTS_NO_COMPLETION_MARKER	runs/segmentation_moderngena_base_amt_unet/20260727_203217_967691/checkpoint-22000/trainer_state.json	22000	runs/segmentation_moderngena_base_amt_unet/20260727_203217_967691/checkpoint-22000	22000	2026-07-28T10:37:30	/external/nfs/01-home/vsefishman/DNALM/GENATATOR/runs/segmentation_moderngena_base_amt_unet/20260727_203217_967691/checkpoint-1000	0.0	1	2026-08-03T15:50:38+03:00
runs	runs/segmentation_moderngena_base_amt_unet	runs/segmentation_moderngena_base_amt_unet/20260728_110254_352217	segmentation/configs/moderngena_base_amt_unet.json,segmentation/configs/moderngena_base_amt_unet_multispecies_250k_resume_ckpt180000.json	HAS_CHECKPOINTS_NO_COMPLETION_MARKER	runs/segmentation_moderngena_base_amt_unet/20260728_110254_352217/checkpoint-11000/trainer_state.json	11000	runs/segmentation_moderngena_base_amt_unet/20260728_110254_352217/checkpoint-11000	11000	2026-07-28T16:54:49	/external/nfs/01-home/vsefishman/DNALM/GENATATOR/runs/segmentation_moderngena_base_amt_unet/20260728_110254_352217/checkpoint-1000	0.0	1	2026-08-03T15:50:38+03:00
runs	runs/segmentation_moderngena_base_amt_unet	runs/segmentation_moderngena_base_amt_unet/20260730_091715_326997	segmentation/configs/moderngena_base_amt_unet.json,segmentation/configs/moderngena_base_amt_unet_multispecies_250k_resume_ckpt180000.json	HAS_CHECKPOINTS_NO_COMPLETION_MARKER	runs/segmentation_moderngena_base_amt_unet/20260730_091715_326997/checkpoint-20000/trainer_state.json	20000	runs/segmentation_moderngena_base_amt_unet/20260730_091715_326997/checkpoint-20000	20000	2026-07-30T14:30:31	/external/nfs/01-home/vsefishman/DNALM/GENATATOR/runs/segmentation_moderngena_base_amt_unet/20260730_091715_326997/checkpoint-20000	0.5345957300059567	1	2026-08-03T15:50:38+03:00
runs	runs/segmentation_moderngena_base_amt_unet	runs/segmentation_moderngena_base_amt_unet/20260730_214217_522505	segmentation/configs/moderngena_base_amt_unet.json,segmentation/configs/moderngena_base_amt_unet_multispecies_250k_resume_ckpt180000.json	HAS_CHECKPOINTS_NO_COMPLETION_MARKER	runs/segmentation_moderngena_base_amt_unet/20260730_214217_522505/checkpoint-25000/trainer_state.json	25000	runs/segmentation_moderngena_base_amt_unet/20260730_214217_522505/checkpoint-25000	25000	2026-07-30T23:11:14	/external/nfs/01-home/vsefishman/DNALM/GENATATOR/runs/segmentation_moderngena_base_amt_unet/20260730_214217_522505/checkpoint-25000	0.6213053105120725	1	2026-08-03T15:50:38+03:00
runs	runs/segmentation_moderngena_base_amt_unet	runs/segmentation_moderngena_base_amt_unet/20260731_064854_189585	segmentation/configs/moderngena_base_amt_unet.json,segmentation/configs/moderngena_base_amt_unet_multispecies_250k_resume_ckpt180000.json	HAS_CHECKPOINTS_NO_COMPLETION_MARKER	runs/segmentation_moderngena_base_amt_unet/20260731_064854_189585/checkpoint-30000/trainer_state.json	30000	runs/segmentation_moderngena_base_amt_unet/20260731_064854_189585/checkpoint-30000	30000	2026-07-31T08:37:56	/external/nfs/01-home/vsefishman/DNALM/GENATATOR/runs/segmentation_moderngena_base_amt_unet/20260731_064854_189585/checkpoint-30000	0.6222390421798665	1	2026-08-03T15:50:38+03:00
runs	runs/segmentation_moderngena_base_amt_unet	runs/segmentation_moderngena_base_amt_unet/20260731_090733_423696	segmentation/configs/moderngena_base_amt_unet.json,segmentation/configs/moderngena_base_amt_unet_multispecies_250k_resume_ckpt180000.json	HAS_CHECKPOINTS_NO_COMPLETION_MARKER	runs/segmentation_moderngena_base_amt_unet/20260731_090733_423696/checkpoint-35000/trainer_state.json	35000	runs/segmentation_moderngena_base_amt_unet/20260731_090733_423696/checkpoint-35000	35000	2026-07-31T10:35:55	/external/nfs/01-home/vsefishman/DNALM/GENATATOR/runs/segmentation_moderngena_base_amt_unet/20260731_064854_189585/checkpoint-30000	0.6222390421798665	1	2026-08-03T15:50:38+03:00
runs	runs/segmentation_moderngena_base_amt_unet	runs/segmentation_moderngena_base_amt_unet/20260731_111143_707069	segmentation/configs/moderngena_base_amt_unet.json,segmentation/configs/moderngena_base_amt_unet_multispecies_250k_resume_ckpt180000.json	HAS_CHECKPOINTS_NO_COMPLETION_MARKER	runs/segmentation_moderngena_base_amt_unet/20260731_111143_707069/checkpoint-45000/trainer_state.json	45000	runs/segmentation_moderngena_base_amt_unet/20260731_111143_707069/checkpoint-45000	45000	2026-07-31T13:56:40	/external/nfs/01-home/vsefishman/DNALM/GENATATOR/runs/segmentation_moderngena_base_amt_unet/20260731_111143_707069/checkpoint-45000	0.659015338410383	1	2026-08-03T15:50:38+03:00
runs	runs/segmentation_moderngena_base_amt_unet	runs/segmentation_moderngena_base_amt_unet/20260801_134417_174049	segmentation/configs/moderngena_base_amt_unet.json,segmentation/configs/moderngena_base_amt_unet_multispecies_250k_resume_ckpt180000.json	HAS_CHECKPOINTS_NO_COMPLETION_MARKER	runs/segmentation_moderngena_base_amt_unet/20260801_134417_174049/checkpoint-135000/trainer_state.json	135000	runs/segmentation_moderngena_base_amt_unet/20260801_134417_174049/checkpoint-135000	135000	2026-08-02T12:29:42	/external/nfs/01-home/vsefishman/DNALM/GENATATOR/runs/segmentation_moderngena_base_amt_unet/20260801_134417_174049/checkpoint-135000	0.6723558126920991	1	2026-08-03T15:50:38+03:00
runs	runs/segmentation_moderngena_base_amt_unet	runs/segmentation_moderngena_base_amt_unet/20260802_214857_927225	segmentation/configs/moderngena_base_amt_unet.json,segmentation/configs/moderngena_base_amt_unet_multispecies_250k_resume_ckpt180000.json	HAS_CHECKPOINTS_NO_COMPLETION_MARKER	runs/segmentation_moderngena_base_amt_unet/20260802_214857_927225/checkpoint-180000/trainer_state.json	180000	runs/segmentation_moderngena_base_amt_unet/20260802_214857_927225/checkpoint-180000	180000	2026-08-03T09:07:13	/external/nfs/01-home/vsefishman/DNALM/GENATATOR/runs/segmentation_moderngena_base_amt_unet/20260802_214857_927225/checkpoint-180000	0.6805361525391731	1	2026-08-03T15:50:38+03:00
runs	runs/segmentation_moderngena_base_amt_unet	runs/segmentation_moderngena_base_amt_unet/20260803_101206_991776	segmentation/configs/moderngena_base_amt_unet.json,segmentation/configs/moderngena_base_amt_unet_multispecies_250k_resume_ckpt180000.json	TENSORBOARD_ONLY_OR_NO_CHECKPOINT								1	2026-08-03T15:50:38+03:00
runs	runs/segmentation_moderngena_large_amt_unet	runs/segmentation_moderngena_large_amt_unet/20260730_092926_650808	segmentation/configs/moderngena_large_amt_unet.json,segmentation/configs/moderngena_large_amt_unet_multispecies_250k_resume_ckpt115000.json	TENSORBOARD_ONLY_OR_NO_CHECKPOINT								1	2026-08-03T15:50:38+03:00
runs	runs/segmentation_moderngena_large_amt_unet	runs/segmentation_moderngena_large_amt_unet/20260730_112755_709204	segmentation/configs/moderngena_large_amt_unet.json,segmentation/configs/moderngena_large_amt_unet_multispecies_250k_resume_ckpt115000.json	HAS_CHECKPOINTS_NO_COMPLETION_MARKER	runs/segmentation_moderngena_large_amt_unet/20260730_112755_709204/checkpoint-5000/trainer_state.json	5000	runs/segmentation_moderngena_large_amt_unet/20260730_112755_709204/checkpoint-5000	5000	2026-07-30T13:47:27	/external/nfs/01-home/vsefishman/DNALM/GENATATOR/runs/segmentation_moderngena_large_amt_unet/20260730_112755_709204/checkpoint-5000	0.24735915492957747	1	2026-08-03T15:50:38+03:00
runs	runs/segmentation_moderngena_large_amt_unet	runs/segmentation_moderngena_large_amt_unet/20260730_151426_656241	segmentation/configs/moderngena_large_amt_unet.json,segmentation/configs/moderngena_large_amt_unet_multispecies_250k_resume_ckpt115000.json	HAS_CHECKPOINTS_NO_COMPLETION_MARKER	runs/segmentation_moderngena_large_amt_unet/20260730_151426_656241/checkpoint-10000/trainer_state.json	10000	runs/segmentation_moderngena_large_amt_unet/20260730_151426_656241/checkpoint-10000	10000	2026-07-30T17:30:33	/external/nfs/01-home/vsefishman/DNALM/GENATATOR/runs/segmentation_moderngena_large_amt_unet/20260730_151426_656241/checkpoint-10000	0.41314330013715783	1	2026-08-03T15:50:38+03:00
runs	runs/segmentation_moderngena_large_amt_unet	runs/segmentation_moderngena_large_amt_unet/20260730_214250_618892	segmentation/configs/moderngena_large_amt_unet.json,segmentation/configs/moderngena_large_amt_unet_multispecies_250k_resume_ckpt115000.json	TENSORBOARD_ONLY_OR_NO_CHECKPOINT								1	2026-08-03T15:50:38+03:00
runs	runs/segmentation_moderngena_large_amt_unet	runs/segmentation_moderngena_large_amt_unet/20260731_084539_181518	segmentation/configs/moderngena_large_amt_unet.json,segmentation/configs/moderngena_large_amt_unet_multispecies_250k_resume_ckpt115000.json	TENSORBOARD_ONLY_OR_NO_CHECKPOINT								1	2026-08-03T15:50:38+03:00
runs	runs/segmentation_moderngena_large_amt_unet	runs/segmentation_moderngena_large_amt_unet/20260801_134417_110946	segmentation/configs/moderngena_large_amt_unet.json,segmentation/configs/moderngena_large_amt_unet_multispecies_250k_resume_ckpt115000.json	HAS_CHECKPOINTS_NO_COMPLETION_MARKER	runs/segmentation_moderngena_large_amt_unet/20260801_134417_110946/checkpoint-80000/trainer_state.json	80000	runs/segmentation_moderngena_large_amt_unet/20260801_134417_110946/checkpoint-80000	80000	2026-08-02T12:12:16	/external/nfs/01-home/vsefishman/DNALM/GENATATOR/runs/segmentation_moderngena_large_amt_unet/20260801_134417_110946/checkpoint-70000	0.6821279480500946	1	2026-08-03T15:50:38+03:00
runs	runs/segmentation_moderngena_large_amt_unet	runs/segmentation_moderngena_large_amt_unet/20260802_214902_791702	segmentation/configs/moderngena_large_amt_unet.json,segmentation/configs/moderngena_large_amt_unet_multispecies_250k_resume_ckpt115000.json	HAS_CHECKPOINTS_NO_COMPLETION_MARKER	runs/segmentation_moderngena_large_amt_unet/20260802_214902_791702/checkpoint-115000/trainer_state.json	115000	runs/segmentation_moderngena_large_amt_unet/20260802_214902_791702/checkpoint-115000	115000	2026-08-03T08:56:41	/external/nfs/01-home/vsefishman/DNALM/GENATATOR/runs/segmentation_moderngena_large_amt_unet/20260802_214902_791702/checkpoint-100000	0.6989054434967237	1	2026-08-03T15:50:38+03:00
runs	runs/transcript_type_caduceus_ps_middle_loss	runs/transcript_type_caduceus_ps_middle_loss/20260802_210435_764439	transcript_type/configs/caduceus_ps_middle_loss.json	HAS_CHECKPOINTS_NO_COMPLETION_MARKER	runs/transcript_type_caduceus_ps_middle_loss/20260802_210435_764439/checkpoint-150000/trainer_state.json	150000	runs/transcript_type_caduceus_ps_middle_loss/20260802_210435_764439/checkpoint-150000	150000	2026-08-03T15:25:20	/external/nfs/01-home/vsefishman/DNALM/GENATATOR/runs/transcript_type_caduceus_ps_middle_loss/20260802_210435_764439/checkpoint-135000	0.8808798646362098	1	2026-08-03T15:50:38+03:00
runs_archive	runs_archive/runs_before_20260727_new_training_20260727_203122/finding_edge_caduceus_ph	runs_archive/runs_before_20260727_new_training_20260727_203122/finding_edge_caduceus_ph/20260717_113703_045266		HAS_CHECKPOINTS_NO_COMPLETION_MARKER	runs_archive/runs_before_20260727_new_training_20260727_203122/finding_edge_caduceus_ph/20260717_113703_045266/checkpoint-7000/trainer_state.json	7000	runs_archive/runs_before_20260727_new_training_20260727_203122/finding_edge_caduceus_ph/20260717_113703_045266/checkpoint-7000	7000	2026-07-17T16:03:16	/external/nfs/01-home/vsefishman/DNALM/GENATATOR/runs/finding_edge_caduceus_ph/20260717_113703_045266/checkpoint-7000	0.004389791660266019	1	2026-08-03T15:50:38+03:00
runs_archive	runs_archive/runs_before_20260727_new_training_20260727_203122/finding_edge_caduceus_ph	runs_archive/runs_before_20260727_new_training_20260727_203122/finding_edge_caduceus_ph/20260717_163010_897447		TENSORBOARD_ONLY_OR_NO_CHECKPOINT								1	2026-08-03T15:50:38+03:00
runs_archive	runs_archive/runs_before_20260727_new_training_20260727_203122/finding_edge_caduceus_ph	runs_archive/runs_before_20260727_new_training_20260727_203122/finding_edge_caduceus_ph/20260717_163940_331088		TENSORBOARD_ONLY_OR_NO_CHECKPOINT								1	2026-08-03T15:50:38+03:00
runs_archive	runs_archive/runs_before_20260727_new_training_20260727_203122/finding_edge_caduceus_ph	runs_archive/runs_before_20260727_new_training_20260727_203122/finding_edge_caduceus_ph/20260717_164826_585684		TENSORBOARD_ONLY_OR_NO_CHECKPOINT								1	2026-08-03T15:50:38+03:00
runs_archive	runs_archive/runs_before_20260727_new_training_20260727_203122/finding_edge_caduceus_ph	runs_archive/runs_before_20260727_new_training_20260727_203122/finding_edge_caduceus_ph/20260717_171521_357506		HAS_CHECKPOINTS_NO_COMPLETION_MARKER	runs_archive/runs_before_20260727_new_training_20260727_203122/finding_edge_caduceus_ph/20260717_171521_357506/checkpoint-1000/trainer_state.json	1000	runs_archive/runs_before_20260727_new_training_20260727_203122/finding_edge_caduceus_ph/20260717_171521_357506/checkpoint-1000	1000	2026-07-17T17:47:51	/external/nfs/01-home/vsefishman/DNALM/GENATATOR/runs/finding_edge_caduceus_ph/20260717_171521_357506/checkpoint-1000	0.20436983129365557	1	2026-08-03T15:50:38+03:00
runs_archive	runs_archive/runs_before_20260727_new_training_20260727_203122/finding_edge_caduceus_ph	runs_archive/runs_before_20260727_new_training_20260727_203122/finding_edge_caduceus_ph/20260721_021506_351149		HAS_CHECKPOINTS_NO_COMPLETION_MARKER	runs_archive/runs_before_20260727_new_training_20260727_203122/finding_edge_caduceus_ph/20260721_021506_351149/checkpoint-14000/trainer_state.json	14000	runs_archive/runs_before_20260727_new_training_20260727_203122/finding_edge_caduceus_ph/20260721_021506_351149/checkpoint-14000	14000	2026-07-21T11:03:58	/external/nfs/01-home/vsefishman/DNALM/GENATATOR/runs/finding_edge_caduceus_ph/20260721_021506_351149/checkpoint-13000	0.004264729400311749	1	2026-08-03T15:50:38+03:00
runs_archive	runs_archive/runs_before_20260727_new_training_20260727_203122/finding_edge_caduceus_ph	runs_archive/runs_before_20260727_new_training_20260727_203122/finding_edge_caduceus_ph/20260721_112821_335119		HAS_CHECKPOINTS_NO_COMPLETION_MARKER	runs_archive/runs_before_20260727_new_training_20260727_203122/finding_edge_caduceus_ph/20260721_112821_335119/checkpoint-8000/trainer_state.json	8000	runs_archive/runs_before_20260727_new_training_20260727_203122/finding_edge_caduceus_ph/20260721_112821_335119/checkpoint-8000	8000	2026-07-21T15:39:10	/external/nfs/01-home/vsefishman/DNALM/GENATATOR/runs/finding_edge_caduceus_ph/20260721_112821_335119/checkpoint-8000	0.004340944411928352	1	2026-08-03T15:50:38+03:00
runs_archive	runs_archive/runs_before_20260727_new_training_20260727_203122/finding_edge_caduceus_ph	runs_archive/runs_before_20260727_new_training_20260727_203122/finding_edge_caduceus_ph/20260721_160514_254690		TENSORBOARD_ONLY_OR_NO_CHECKPOINT								1	2026-08-03T15:50:38+03:00
runs_archive	runs_archive/runs_before_20260727_new_training_20260727_203122/finding_edge_caduceus_ph	runs_archive/runs_before_20260727_new_training_20260727_203122/finding_edge_caduceus_ph/20260721_162023_026037		HAS_CHECKPOINTS_NO_COMPLETION_MARKER	runs_archive/runs_before_20260727_new_training_20260727_203122/finding_edge_caduceus_ph/20260721_162023_026037/checkpoint-17000/trainer_state.json	17000	runs_archive/runs_before_20260727_new_training_20260727_203122/finding_edge_caduceus_ph/20260721_162023_026037/checkpoint-17000	17000	2026-07-22T01:22:45	/external/nfs/01-home/vsefishman/DNALM/GENATATOR/runs/finding_edge_caduceus_ph/20260721_162023_026037/checkpoint-13000	0.004254524726318779	1	2026-08-03T15:50:38+03:00
runs_archive	runs_archive/runs_before_20260727_new_training_20260727_203122/finding_edge_caduceus_ph	runs_archive/runs_before_20260727_new_training_20260727_203122/finding_edge_caduceus_ph/20260722_015058_412386		HAS_CHECKPOINTS_NO_COMPLETION_MARKER	runs_archive/runs_before_20260727_new_training_20260727_203122/finding_edge_caduceus_ph/20260722_015058_412386/checkpoint-16000/trainer_state.json	16000	runs_archive/runs_before_20260727_new_training_20260727_203122/finding_edge_caduceus_ph/20260722_015058_412386/checkpoint-16000	16000	2026-07-22T10:21:16	/external/nfs/01-home/vsefishman/DNALM/GENATATOR/runs/finding_edge_caduceus_ph/20260722_015058_412386/checkpoint-13000	0.004261996185592287	1	2026-08-03T15:50:38+03:00
runs_archive	runs_archive/runs_before_20260727_new_training_20260727_203122/finding_edge_caduceus_ph	runs_archive/runs_before_20260727_new_training_20260727_203122/finding_edge_caduceus_ph/20260722_104114_669049		HAS_CHECKPOINTS_NO_COMPLETION_MARKER	runs_archive/runs_before_20260727_new_training_20260727_203122/finding_edge_caduceus_ph/20260722_104114_669049/checkpoint-15000/trainer_state.json	15000	runs_archive/runs_before_20260727_new_training_20260727_203122/finding_edge_caduceus_ph/20260722_104114_669049/checkpoint-15000	15000	2026-07-22T18:39:31	/external/nfs/01-home/vsefishman/DNALM/GENATATOR/runs/finding_edge_caduceus_ph/20260722_104114_669049/checkpoint-13000	0.004240432264066173	1	2026-08-03T15:50:38+03:00
runs_archive	runs_archive/runs_before_20260727_new_training_20260727_203122/finding_edge_caduceus_ph	runs_archive/runs_before_20260727_new_training_20260727_203122/finding_edge_caduceus_ph/20260722_185844_990533		TENSORBOARD_ONLY_OR_NO_CHECKPOINT								1	2026-08-03T15:50:38+03:00
runs_archive	runs_archive/runs_before_20260727_new_training_20260727_203122/finding_edge_caduceus_ph	runs_archive/runs_before_20260727_new_training_20260727_203122/finding_edge_caduceus_ph/20260722_191309_999201		HAS_CHECKPOINTS_NO_COMPLETION_MARKER	runs_archive/runs_before_20260727_new_training_20260727_203122/finding_edge_caduceus_ph/20260722_191309_999201/checkpoint-30000/trainer_state.json	30000	runs_archive/runs_before_20260727_new_training_20260727_203122/finding_edge_caduceus_ph/20260722_191309_999201/checkpoint-30000	30000	2026-07-23T14:56:25	/external/nfs/01-home/vsefishman/DNALM/GENATATOR/runs/finding_edge_caduceus_ph/20260722_191309_999201/checkpoint-25000	0.004233660658576782	1	2026-08-03T15:50:38+03:00
runs_archive	runs_archive/runs_before_20260727_new_training_20260727_203122/finding_edge_caduceus_ph	runs_archive/runs_before_20260727_new_training_20260727_203122/finding_edge_caduceus_ph/20260723_152555_076646		TENSORBOARD_ONLY_OR_NO_CHECKPOINT								1	2026-08-03T15:50:38+03:00
runs_archive	runs_archive/runs_before_20260727_new_training_20260727_203122/finding_edge_caduceus_ph	runs_archive/runs_before_20260727_new_training_20260727_203122/finding_edge_caduceus_ph/20260723_154710_590802		TENSORBOARD_ONLY_OR_NO_CHECKPOINT								1	2026-08-03T15:50:38+03:00
runs_archive	runs_archive/runs_before_20260727_new_training_20260727_203122/finding_edge_caduceus_ps	runs_archive/runs_before_20260727_new_training_20260727_203122/finding_edge_caduceus_ps/20260717_213353_790365		HAS_CHECKPOINTS_NO_COMPLETION_MARKER	runs_archive/runs_before_20260727_new_training_20260727_203122/finding_edge_caduceus_ps/20260717_213353_790365/checkpoint-279000/trainer_state.json	279000	runs_archive/runs_before_20260727_new_training_20260727_203122/finding_edge_caduceus_ps/20260717_213353_790365/checkpoint-279000	279000	2026-07-27T13:29:57	/external/nfs/01-home/vsefishman/DNALM/GENATATOR/runs/finding_edge_caduceus_ps/20260717_213353_790365/checkpoint-98000	0.003073139061934852	1	2026-08-03T15:50:38+03:00
runs_archive	runs_archive/runs_before_20260727_new_training_20260727_203122/finding_edge_gena_base_amt_plain	runs_archive/runs_before_20260727_new_training_20260727_203122/finding_edge_gena_base_amt_plain/20260717_202257_533578		TENSORBOARD_ONLY_OR_NO_CHECKPOINT								1	2026-08-03T15:50:38+03:00
runs_archive	runs_archive/runs_before_20260727_new_training_20260727_203122/finding_edge_gena_base_amt_unet	runs_archive/runs_before_20260727_new_training_20260727_203122/finding_edge_gena_base_amt_unet/20260717_202258_000193		TENSORBOARD_ONLY_OR_NO_CHECKPOINT								1	2026-08-03T15:50:38+03:00
runs_archive	runs_archive/runs_before_20260727_new_training_20260727_203122/finding_edge_gena_base_plain	runs_archive/runs_before_20260727_new_training_20260727_203122/finding_edge_gena_base_plain/20260717_202257_627130		TENSORBOARD_ONLY_OR_NO_CHECKPOINT								1	2026-08-03T15:50:38+03:00
runs_archive	runs_archive/runs_before_20260727_new_training_20260727_203122/finding_edge_gena_base_plain	runs_archive/runs_before_20260727_new_training_20260727_203122/finding_edge_gena_base_plain/20260717_203130_918826		TENSORBOARD_ONLY_OR_NO_CHECKPOINT								1	2026-08-03T15:50:38+03:00
runs_archive	runs_archive/runs_before_20260727_new_training_20260727_203122/finding_edge_gena_base_plain	runs_archive/runs_before_20260727_new_training_20260727_203122/finding_edge_gena_base_plain/20260717_204044_615977		TENSORBOARD_ONLY_OR_NO_CHECKPOINT								1	2026-08-03T15:50:38+03:00
runs_archive	runs_archive/runs_before_20260727_new_training_20260727_203122/finding_edge_gena_base_plain	runs_archive/runs_before_20260727_new_training_20260727_203122/finding_edge_gena_base_plain/20260717_204722_447635		HAS_CHECKPOINTS_NO_COMPLETION_MARKER	runs_archive/runs_before_20260727_new_training_20260727_203122/finding_edge_gena_base_plain/20260717_204722_447635/checkpoint-354000/trainer_state.json	354000	runs_archive/runs_before_20260727_new_training_20260727_203122/finding_edge_gena_base_plain/20260717_204722_447635/checkpoint-354000	354000	2026-07-24T18:02:36	/external/nfs/01-home/vsefishman/DNALM/GENATATOR/runs/finding_edge_gena_base_plain/20260717_204722_447635/checkpoint-323000	0.004676230336808841	1	2026-08-03T15:50:38+03:00
runs_archive	runs_archive/runs_before_20260727_new_training_20260727_203122/finding_edge_gena_base_rmt_unet	runs_archive/runs_before_20260727_new_training_20260727_203122/finding_edge_gena_base_rmt_unet/20260717_202257_970369		TENSORBOARD_ONLY_OR_NO_CHECKPOINT								1	2026-08-03T15:50:38+03:00
runs_archive	runs_archive/runs_before_20260727_new_training_20260727_203122/finding_edge_gena_base_rmt_unet	runs_archive/runs_before_20260727_new_training_20260727_203122/finding_edge_gena_base_rmt_unet/20260717_203122_464133		TENSORBOARD_ONLY_OR_NO_CHECKPOINT								1	2026-08-03T15:50:38+03:00
runs_archive	runs_archive/runs_before_20260727_new_training_20260727_203122/finding_edge_gena_base_rmt_unet	runs_archive/runs_before_20260727_new_training_20260727_203122/finding_edge_gena_base_rmt_unet/20260717_203923_482540		TENSORBOARD_ONLY_OR_NO_CHECKPOINT								1	2026-08-03T15:50:38+03:00
runs_archive	runs_archive/runs_before_20260727_new_training_20260727_203122/finding_edge_gena_base_rmt_unet	runs_archive/runs_before_20260727_new_training_20260727_203122/finding_edge_gena_base_rmt_unet/20260717_204655_876058		HAS_CHECKPOINTS_NO_COMPLETION_MARKER	runs_archive/runs_before_20260727_new_training_20260727_203122/finding_edge_gena_base_rmt_unet/20260717_204655_876058/checkpoint-200000/trainer_state.json	200000	runs_archive/runs_before_20260727_new_training_20260727_203122/finding_edge_gena_base_rmt_unet/20260717_204655_876058/checkpoint-200000	200000	2026-07-27T13:51:42	/external/nfs/01-home/vsefishman/DNALM/GENATATOR/runs/finding_edge_gena_base_rmt_unet/20260717_204655_876058/checkpoint-80000	0.003407806886193262	1	2026-08-03T15:50:38+03:00
runs_archive	runs_archive/runs_before_20260727_new_training_20260727_203122/finding_edge_gena_base_unet	runs_archive/runs_before_20260727_new_training_20260727_203122/finding_edge_gena_base_unet/20260717_202357_371400		HAS_CHECKPOINTS_NO_COMPLETION_MARKER	runs_archive/runs_before_20260727_new_training_20260727_203122/finding_edge_gena_base_unet/20260717_202357_371400/checkpoint-231000/trainer_state.json	231000	runs_archive/runs_before_20260727_new_training_20260727_203122/finding_edge_gena_base_unet/20260717_202357_371400/checkpoint-231000	231000	2026-07-27T13:15:27	/external/nfs/01-home/vsefishman/DNALM/GENATATOR/runs/finding_edge_gena_base_unet/20260717_202357_371400/checkpoint-50000	0.003903809950136262	1	2026-08-03T15:50:38+03:00
runs_archive	runs_archive/runs_before_20260727_new_training_20260727_203122/finding_edge_gena_large_amt_plain	runs_archive/runs_before_20260727_new_training_20260727_203122/finding_edge_gena_large_amt_plain/20260717_202352_921189		TENSORBOARD_ONLY_OR_NO_CHECKPOINT								1	2026-08-03T15:50:38+03:00
runs_archive	runs_archive/runs_before_20260727_new_training_20260727_203122/finding_edge_gena_large_amt_unet	runs_archive/runs_before_20260727_new_training_20260727_203122/finding_edge_gena_large_amt_unet/20260717_202355_700947		TENSORBOARD_ONLY_OR_NO_CHECKPOINT								1	2026-08-03T15:50:38+03:00
runs_archive	runs_archive/runs_before_20260727_new_training_20260727_203122/finding_edge_gena_large_plain	runs_archive/runs_before_20260727_new_training_20260727_203122/finding_edge_gena_large_plain/20260717_114042_483886		HAS_CHECKPOINTS_NO_COMPLETION_MARKER	runs_archive/runs_before_20260727_new_training_20260727_203122/finding_edge_gena_large_plain/20260717_114042_483886/checkpoint-2000/trainer_state.json	2000	runs_archive/runs_before_20260727_new_training_20260727_203122/finding_edge_gena_large_plain/20260717_114042_483886/checkpoint-2000	2000	2026-07-17T13:08:23	/external/nfs/01-home/vsefishman/DNALM/GENATATOR/runs/finding_edge_gena_large_plain/20260717_114042_483886/checkpoint-2000	0.005828235578953615	1	2026-08-03T15:50:38+03:00
runs_archive	runs_archive/runs_before_20260727_new_training_20260727_203122/finding_edge_gena_large_plain	runs_archive/runs_before_20260727_new_training_20260727_203122/finding_edge_gena_large_plain/20260717_213443_748417		HAS_CHECKPOINTS_NO_COMPLETION_MARKER	runs_archive/runs_before_20260727_new_training_20260727_203122/finding_edge_gena_large_plain/20260717_213443_748417/checkpoint-425000/trainer_state.json	425000	runs_archive/runs_before_20260727_new_training_20260727_203122/finding_edge_gena_large_plain/20260717_213443_748417/checkpoint-425000	425000	2026-07-27T13:54:34	/external/nfs/01-home/vsefishman/DNALM/GENATATOR/runs/finding_edge_gena_large_plain/20260717_213443_748417/checkpoint-292000	0.004522440039523642	1	2026-08-03T15:50:38+03:00
runs_archive	runs_archive/runs_before_20260727_new_training_20260727_203122/finding_edge_gena_large_rmt_unet	runs_archive/runs_before_20260727_new_training_20260727_203122/finding_edge_gena_large_rmt_unet/20260717_114043_809223		HAS_CHECKPOINTS_NO_COMPLETION_MARKER	runs_archive/runs_before_20260727_new_training_20260727_203122/finding_edge_gena_large_rmt_unet/20260717_114043_809223/checkpoint-1000/trainer_state.json	1000	runs_archive/runs_before_20260727_new_training_20260727_203122/finding_edge_gena_large_rmt_unet/20260717_114043_809223/checkpoint-1000	1000	2026-07-17T13:05:41	/external/nfs/01-home/vsefishman/DNALM/GENATATOR/runs/finding_edge_gena_large_rmt_unet/20260717_114043_809223/checkpoint-1000	0.005232705545565059	1	2026-08-03T15:50:38+03:00
runs_archive	runs_archive/runs_before_20260727_new_training_20260727_203122/finding_edge_gena_large_rmt_unet	runs_archive/runs_before_20260727_new_training_20260727_203122/finding_edge_gena_large_rmt_unet/20260717_132059_515488		TENSORBOARD_ONLY_OR_NO_CHECKPOINT								1	2026-08-03T15:50:38+03:00
runs_archive	runs_archive/runs_before_20260727_new_training_20260727_203122/finding_edge_gena_large_rmt_unet	runs_archive/runs_before_20260727_new_training_20260727_203122/finding_edge_gena_large_rmt_unet/20260718_090422_919903		HAS_CHECKPOINTS_NO_COMPLETION_MARKER	runs_archive/runs_before_20260727_new_training_20260727_203122/finding_edge_gena_large_rmt_unet/20260718_090422_919903/checkpoint-5000/trainer_state.json	5000	runs_archive/runs_before_20260727_new_training_20260727_203122/finding_edge_gena_large_rmt_unet/20260718_090422_919903/checkpoint-5000	5000	2026-07-18T16:22:17	/external/nfs/01-home/vsefishman/DNALM/GENATATOR/runs/finding_edge_gena_large_rmt_unet/20260718_090422_919903/checkpoint-4000	0.004309184653321338	1	2026-08-03T15:50:38+03:00
runs_archive	runs_archive/runs_before_20260727_new_training_20260727_203122/finding_edge_gena_large_rmt_unet	runs_archive/runs_before_20260727_new_training_20260727_203122/finding_edge_gena_large_rmt_unet/20260718_174943_106170		HAS_CHECKPOINTS_NO_COMPLETION_MARKER	runs_archive/runs_before_20260727_new_training_20260727_203122/finding_edge_gena_large_rmt_unet/20260718_174943_106170/checkpoint-1000/trainer_state.json	1000	runs_archive/runs_before_20260727_new_training_20260727_203122/finding_edge_gena_large_rmt_unet/20260718_174943_106170/checkpoint-1000	1000	2026-07-18T19:14:44	/external/nfs/01-home/vsefishman/DNALM/GENATATOR/runs/finding_edge_gena_large_rmt_unet/20260718_174943_106170/checkpoint-1000	0.005232705545565059	1	2026-08-03T15:50:38+03:00
runs_archive	runs_archive/runs_before_20260727_new_training_20260727_203122/finding_edge_gena_large_rmt_unet	runs_archive/runs_before_20260727_new_training_20260727_203122/finding_edge_gena_large_rmt_unet/20260718_200148_252433		HAS_CHECKPOINTS_NO_COMPLETION_MARKER	runs_archive/runs_before_20260727_new_training_20260727_203122/finding_edge_gena_large_rmt_unet/20260718_200148_252433/checkpoint-4000/trainer_state.json	4000	runs_archive/runs_before_20260727_new_training_20260727_203122/finding_edge_gena_large_rmt_unet/20260718_200148_252433/checkpoint-4000	4000	2026-07-19T00:32:34	/external/nfs/01-home/vsefishman/DNALM/GENATATOR/runs/finding_edge_gena_large_rmt_unet/20260718_200148_252433/checkpoint-4000	0.004276461536717654	1	2026-08-03T15:50:38+03:00
runs_archive	runs_archive/runs_before_20260727_new_training_20260727_203122/finding_edge_gena_large_rmt_unet	runs_archive/runs_before_20260727_new_training_20260727_203122/finding_edge_gena_large_rmt_unet/20260719_010548_037577		HAS_CHECKPOINTS_NO_COMPLETION_MARKER	runs_archive/runs_before_20260727_new_training_20260727_203122/finding_edge_gena_large_rmt_unet/20260719_010548_037577/checkpoint-21000/trainer_state.json	21000	runs_archive/runs_before_20260727_new_training_20260727_203122/finding_edge_gena_large_rmt_unet/20260719_010548_037577/checkpoint-21000	21000	2026-07-20T01:15:30	/external/nfs/01-home/vsefishman/DNALM/GENATATOR/runs/finding_edge_gena_large_rmt_unet/20260719_010548_037577/checkpoint-6000	0.003985935277289005	1	2026-08-03T15:50:38+03:00
runs_archive	runs_archive/runs_before_20260727_new_training_20260727_203122/finding_edge_gena_large_rmt_unet	runs_archive/runs_before_20260727_new_training_20260727_203122/finding_edge_gena_large_rmt_unet/20260720_014245_461650		HAS_CHECKPOINTS_NO_COMPLETION_MARKER	runs_archive/runs_before_20260727_new_training_20260727_203122/finding_edge_gena_large_rmt_unet/20260720_014245_461650/checkpoint-3000/trainer_state.json	3000	runs_archive/runs_before_20260727_new_training_20260727_203122/finding_edge_gena_large_rmt_unet/20260720_014245_461650/checkpoint-3000	3000	2026-07-20T05:05:01	/external/nfs/01-home/vsefishman/DNALM/GENATATOR/runs/finding_edge_gena_large_rmt_unet/20260720_014245_461650/checkpoint-2000	0.0043143304250873775	1	2026-08-03T15:50:38+03:00
runs_archive	runs_archive/runs_before_20260727_new_training_20260727_203122/finding_edge_gena_large_rmt_unet	runs_archive/runs_before_20260727_new_training_20260727_203122/finding_edge_gena_large_rmt_unet/20260720_061158_873653		HAS_CHECKPOINTS_NO_COMPLETION_MARKER	runs_archive/runs_before_20260727_new_training_20260727_203122/finding_edge_gena_large_rmt_unet/20260720_061158_873653/checkpoint-4000/trainer_state.json	4000	runs_archive/runs_before_20260727_new_training_20260727_203122/finding_edge_gena_large_rmt_unet/20260720_061158_873653/checkpoint-4000	4000	2026-07-20T10:43:18	/external/nfs/01-home/vsefishman/DNALM/GENATATOR/runs/finding_edge_gena_large_rmt_unet/20260720_061158_873653/checkpoint-4000	0.004277573431913178	1	2026-08-03T15:50:38+03:00
runs_archive	runs_archive/runs_before_20260727_new_training_20260727_203122/finding_edge_gena_large_rmt_unet	runs_archive/runs_before_20260727_new_training_20260727_203122/finding_edge_gena_large_rmt_unet/20260720_105052_782382		HAS_CHECKPOINTS_NO_COMPLETION_MARKER	runs_archive/runs_before_20260727_new_training_20260727_203122/finding_edge_gena_large_rmt_unet/20260720_105052_782382/checkpoint-21000/trainer_state.json	21000	runs_archive/runs_before_20260727_new_training_20260727_203122/finding_edge_gena_large_rmt_unet/20260720_105052_782382/checkpoint-21000	21000	2026-07-21T11:06:49	/external/nfs/01-home/vsefishman/DNALM/GENATATOR/runs/finding_edge_gena_large_rmt_unet/20260720_105052_782382/checkpoint-17000	0.004025192590572667	1	2026-08-03T15:50:38+03:00
runs_archive	runs_archive/runs_before_20260727_new_training_20260727_203122/finding_edge_gena_large_rmt_unet	runs_archive/runs_before_20260727_new_training_20260727_203122/finding_edge_gena_large_rmt_unet/20260721_113008_975160		TENSORBOARD_ONLY_OR_NO_CHECKPOINT								1	2026-08-03T15:50:38+03:00
runs_archive	runs_archive/runs_before_20260727_new_training_20260727_203122/finding_edge_gena_large_rmt_unet	runs_archive/runs_before_20260727_new_training_20260727_203122/finding_edge_gena_large_rmt_unet/20260721_120727_042714		TENSORBOARD_ONLY_OR_NO_CHECKPOINT								1	2026-08-03T15:50:38+03:00
runs_archive	runs_archive/runs_before_20260727_new_training_20260727_203122/finding_edge_gena_large_rmt_unet	runs_archive/runs_before_20260727_new_training_20260727_203122/finding_edge_gena_large_rmt_unet/20260721_124005_041559		HAS_CHECKPOINTS_NO_COMPLETION_MARKER	runs_archive/runs_before_20260727_new_training_20260727_203122/finding_edge_gena_large_rmt_unet/20260721_124005_041559/checkpoint-1000/trainer_state.json	1000	runs_archive/runs_before_20260727_new_training_20260727_203122/finding_edge_gena_large_rmt_unet/20260721_124005_041559/checkpoint-1000	1000	2026-07-21T14:03:51	/external/nfs/01-home/vsefishman/DNALM/GENATATOR/runs/finding_edge_gena_large_rmt_unet/20260721_124005_041559/checkpoint-1000	0.005232705545565059	1	2026-08-03T15:50:38+03:00
runs_archive	runs_archive/runs_before_20260727_new_training_20260727_203122/finding_edge_gena_large_rmt_unet	runs_archive/runs_before_20260727_new_training_20260727_203122/finding_edge_gena_large_rmt_unet/20260721_141357_961711		HAS_CHECKPOINTS_NO_COMPLETION_MARKER	runs_archive/runs_before_20260727_new_training_20260727_203122/finding_edge_gena_large_rmt_unet/20260721_141357_961711/checkpoint-1000/trainer_state.json	1000	runs_archive/runs_before_20260727_new_training_20260727_203122/finding_edge_gena_large_rmt_unet/20260721_141357_961711/checkpoint-1000	1000	2026-07-21T15:18:16	/external/nfs/01-home/vsefishman/DNALM/GENATATOR/runs/finding_edge_gena_large_rmt_unet/20260721_141357_961711/checkpoint-1000	0.005005831853374062	1	2026-08-03T15:50:38+03:00
runs_archive	runs_archive/runs_before_20260727_new_training_20260727_203122/finding_edge_gena_large_rmt_unet	runs_archive/runs_before_20260727_new_training_20260727_203122/finding_edge_gena_large_rmt_unet/20260721_160312_840025		HAS_CHECKPOINTS_NO_COMPLETION_MARKER	runs_archive/runs_before_20260727_new_training_20260727_203122/finding_edge_gena_large_rmt_unet/20260721_160312_840025/checkpoint-6000/trainer_state.json	6000	runs_archive/runs_before_20260727_new_training_20260727_203122/finding_edge_gena_large_rmt_unet/20260721_160312_840025/checkpoint-6000	6000	2026-07-22T00:44:34	/external/nfs/01-home/vsefishman/DNALM/GENATATOR/runs/finding_edge_gena_large_rmt_unet/20260721_160312_840025/checkpoint-4000	0.004309184653321338	1	2026-08-03T15:50:38+03:00
runs_archive	runs_archive/runs_before_20260727_new_training_20260727_203122/finding_edge_gena_large_rmt_unet	runs_archive/runs_before_20260727_new_training_20260727_203122/finding_edge_gena_large_rmt_unet/20260722_015106_600812		HAS_CHECKPOINTS_NO_COMPLETION_MARKER	runs_archive/runs_before_20260727_new_training_20260727_203122/finding_edge_gena_large_rmt_unet/20260722_015106_600812/checkpoint-5000/trainer_state.json	5000	runs_archive/runs_before_20260727_new_training_20260727_203122/finding_edge_gena_large_rmt_unet/20260722_015106_600812/checkpoint-5000	5000	2026-07-22T09:14:23	/external/nfs/01-home/vsefishman/DNALM/GENATATOR/runs/finding_edge_gena_large_rmt_unet/20260722_015106_600812/checkpoint-4000	0.004309184653321338	1	2026-08-03T15:50:38+03:00
runs_archive	runs_archive/runs_before_20260727_new_training_20260727_203122/finding_edge_gena_large_rmt_unet	runs_archive/runs_before_20260727_new_training_20260727_203122/finding_edge_gena_large_rmt_unet/20260722_103741_439921		HAS_CHECKPOINTS_NO_COMPLETION_MARKER	runs_archive/runs_before_20260727_new_training_20260727_203122/finding_edge_gena_large_rmt_unet/20260722_103741_439921/checkpoint-7000/trainer_state.json	7000	runs_archive/runs_before_20260727_new_training_20260727_203122/finding_edge_gena_large_rmt_unet/20260722_103741_439921/checkpoint-7000	7000	2026-07-22T18:38:52	/external/nfs/01-home/vsefishman/DNALM/GENATATOR/runs/finding_edge_gena_large_rmt_unet/20260722_103741_439921/checkpoint-6000	0.003985935277289005	1	2026-08-03T15:50:38+03:00
runs_archive	runs_archive/runs_before_20260727_new_training_20260727_203122/finding_edge_gena_large_rmt_unet	runs_archive/runs_before_20260727_new_training_20260727_203122/finding_edge_gena_large_rmt_unet/20260722_185850_086915		TENSORBOARD_ONLY_OR_NO_CHECKPOINT								1	2026-08-03T15:50:38+03:00
runs_archive	runs_archive/runs_before_20260727_new_training_20260727_203122/finding_edge_gena_large_rmt_unet	runs_archive/runs_before_20260727_new_training_20260727_203122/finding_edge_gena_large_rmt_unet/20260722_191315_709068		HAS_CHECKPOINTS_NO_COMPLETION_MARKER	runs_archive/runs_before_20260727_new_training_20260727_203122/finding_edge_gena_large_rmt_unet/20260722_191315_709068/checkpoint-10000/trainer_state.json	10000	runs_archive/runs_before_20260727_new_training_20260727_203122/finding_edge_gena_large_rmt_unet/20260722_191315_709068/checkpoint-10000	10000	2026-07-23T09:44:35	/external/nfs/01-home/vsefishman/DNALM/GENATATOR/runs/finding_edge_gena_large_rmt_unet/20260722_191315_709068/checkpoint-4000	0.004309184653321338	1	2026-08-03T15:50:38+03:00
runs_archive	runs_archive/runs_before_20260727_new_training_20260727_203122/finding_edge_gena_large_rmt_unet	runs_archive/runs_before_20260727_new_training_20260727_203122/finding_edge_gena_large_rmt_unet/20260723_112624_330967		HAS_CHECKPOINTS_NO_COMPLETION_MARKER	runs_archive/runs_before_20260727_new_training_20260727_203122/finding_edge_gena_large_rmt_unet/20260723_112624_330967/checkpoint-3000/trainer_state.json	3000	runs_archive/runs_before_20260727_new_training_20260727_203122/finding_edge_gena_large_rmt_unet/20260723_112624_330967/checkpoint-3000	3000	2026-07-23T14:46:42	/external/nfs/01-home/vsefishman/DNALM/GENATATOR/runs/finding_edge_gena_large_rmt_unet/20260723_112624_330967/checkpoint-2000	0.004322522723046685	1	2026-08-03T15:50:38+03:00
runs_archive	runs_archive/runs_before_20260727_new_training_20260727_203122/finding_edge_gena_large_rmt_unet	runs_archive/runs_before_20260727_new_training_20260727_203122/finding_edge_gena_large_rmt_unet/20260723_152602_546408		TENSORBOARD_ONLY_OR_NO_CHECKPOINT								1	2026-08-03T15:50:38+03:00
runs_archive	runs_archive/runs_before_20260727_new_training_20260727_203122/finding_edge_gena_large_rmt_unet	runs_archive/runs_before_20260727_new_training_20260727_203122/finding_edge_gena_large_rmt_unet/20260723_155645_363802		TENSORBOARD_ONLY_OR_NO_CHECKPOINT								1	2026-08-03T15:50:38+03:00
runs_archive	runs_archive/runs_before_20260727_new_training_20260727_203122/finding_edge_gena_large_unet	runs_archive/runs_before_20260727_new_training_20260727_203122/finding_edge_gena_large_unet/20260717_114039_444463		HAS_CHECKPOINTS_NO_COMPLETION_MARKER	runs_archive/runs_before_20260727_new_training_20260727_203122/finding_edge_gena_large_unet/20260717_114039_444463/checkpoint-3000/trainer_state.json	3000	runs_archive/runs_before_20260727_new_training_20260727_203122/finding_edge_gena_large_unet/20260717_114039_444463/checkpoint-3000	3000	2026-07-17T15:20:24	/external/nfs/01-home/vsefishman/DNALM/GENATATOR/runs/finding_edge_gena_large_unet/20260717_114039_444463/checkpoint-3000	0.004458203450729464	1	2026-08-03T15:50:38+03:00
runs_archive	runs_archive/runs_before_20260727_new_training_20260727_203122/finding_edge_gena_large_unet	runs_archive/runs_before_20260727_new_training_20260727_203122/finding_edge_gena_large_unet/20260717_213616_667799		HAS_CHECKPOINTS_NO_COMPLETION_MARKER	runs_archive/runs_before_20260727_new_training_20260727_203122/finding_edge_gena_large_unet/20260717_213616_667799/checkpoint-188000/trainer_state.json	188000	runs_archive/runs_before_20260727_new_training_20260727_203122/finding_edge_gena_large_unet/20260717_213616_667799/checkpoint-188000	188000	2026-07-27T13:52:44	/external/nfs/01-home/vsefishman/DNALM/GENATATOR/runs/finding_edge_gena_large_unet/20260717_213616_667799/checkpoint-41000	0.004104137323585358	1	2026-08-03T15:50:38+03:00
runs_archive	runs_archive/runs_before_20260727_new_training_20260727_203122/finding_edge_moderngena_base_amt_plain	runs_archive/runs_before_20260727_new_training_20260727_203122/finding_edge_moderngena_base_amt_plain/20260717_202356_808765		TENSORBOARD_ONLY_OR_NO_CHECKPOINT								1	2026-08-03T15:50:38+03:00
runs_archive	runs_archive/runs_before_20260727_new_training_20260727_203122/finding_edge_moderngena_base_amt_plain	runs_archive/runs_before_20260727_new_training_20260727_203122/finding_edge_moderngena_base_amt_plain/20260717_203125_628799		TENSORBOARD_ONLY_OR_NO_CHECKPOINT								1	2026-08-03T15:50:38+03:00
runs_archive	runs_archive/runs_before_20260727_new_training_20260727_203122/finding_edge_moderngena_base_amt_plain	runs_archive/runs_before_20260727_new_training_20260727_203122/finding_edge_moderngena_base_amt_plain/20260717_204040_766241		TENSORBOARD_ONLY_OR_NO_CHECKPOINT								1	2026-08-03T15:50:38+03:00
runs_archive	runs_archive/runs_before_20260727_new_training_20260727_203122/finding_edge_moderngena_base_amt_plain	runs_archive/runs_before_20260727_new_training_20260727_203122/finding_edge_moderngena_base_amt_plain/20260717_204715_810606		HAS_CHECKPOINTS_NO_COMPLETION_MARKER	runs_archive/runs_before_20260727_new_training_20260727_203122/finding_edge_moderngena_base_amt_plain/20260717_204715_810606/checkpoint-277000/trainer_state.json	277000	runs_archive/runs_before_20260727_new_training_20260727_203122/finding_edge_moderngena_base_amt_plain/20260717_204715_810606/checkpoint-277000	277000	2026-07-27T13:46:35		inf	1	2026-08-03T15:50:38+03:00
runs_archive	runs_archive/runs_before_20260727_new_training_20260727_203122/finding_edge_moderngena_base_amt_unet	runs_archive/runs_before_20260727_new_training_20260727_203122/finding_edge_moderngena_base_amt_unet/20260717_202356_577403		TENSORBOARD_ONLY_OR_NO_CHECKPOINT								1	2026-08-03T15:50:38+03:00
runs_archive	runs_archive/runs_before_20260727_new_training_20260727_203122/finding_edge_moderngena_base_amt_unet	runs_archive/runs_before_20260727_new_training_20260727_203122/finding_edge_moderngena_base_amt_unet/20260717_203132_223771		TENSORBOARD_ONLY_OR_NO_CHECKPOINT								1	2026-08-03T15:50:38+03:00
runs_archive	runs_archive/runs_before_20260727_new_training_20260727_203122/finding_edge_moderngena_base_amt_unet	runs_archive/runs_before_20260727_new_training_20260727_203122/finding_edge_moderngena_base_amt_unet/20260717_204045_991087		TENSORBOARD_ONLY_OR_NO_CHECKPOINT								1	2026-08-03T15:50:38+03:00
runs_archive	runs_archive/runs_before_20260727_new_training_20260727_203122/finding_edge_moderngena_base_amt_unet	runs_archive/runs_before_20260727_new_training_20260727_203122/finding_edge_moderngena_base_amt_unet/20260717_204837_667756		HAS_CHECKPOINTS_NO_COMPLETION_MARKER	runs_archive/runs_before_20260727_new_training_20260727_203122/finding_edge_moderngena_base_amt_unet/20260717_204837_667756/checkpoint-163000/trainer_state.json	163000	runs_archive/runs_before_20260727_new_training_20260727_203122/finding_edge_moderngena_base_amt_unet/20260717_204837_667756/checkpoint-163000	163000	2026-07-27T12:56:56		inf	1	2026-08-03T15:50:38+03:00
runs_archive	runs_archive/runs_before_20260727_new_training_20260727_203122/finding_edge_moderngena_base_plain	runs_archive/runs_before_20260727_new_training_20260727_203122/finding_edge_moderngena_base_plain/20260717_115612_798227		HAS_CHECKPOINTS_NO_COMPLETION_MARKER	runs_archive/runs_before_20260727_new_training_20260727_203122/finding_edge_moderngena_base_plain/20260717_115612_798227/checkpoint-3000/trainer_state.json	3000	runs_archive/runs_before_20260727_new_training_20260727_203122/finding_edge_moderngena_base_plain/20260717_115612_798227/checkpoint-3000	3000	2026-07-17T12:50:02	/external/nfs/01-home/vsefishman/DNALM/GENATATOR/runs/finding_edge_moderngena_base_plain/20260717_115612_798227/checkpoint-3000	0.0050334097274908835	1	2026-08-03T15:50:38+03:00
runs_archive	runs_archive/runs_before_20260727_new_training_20260727_203122/finding_edge_moderngena_base_plain	runs_archive/runs_before_20260727_new_training_20260727_203122/finding_edge_moderngena_base_plain/20260717_131504_725497		HAS_CHECKPOINTS_NO_COMPLETION_MARKER	runs_archive/runs_before_20260727_new_training_20260727_203122/finding_edge_moderngena_base_plain/20260717_131504_725497/checkpoint-5000/trainer_state.json	5000	runs_archive/runs_before_20260727_new_training_20260727_203122/finding_edge_moderngena_base_plain/20260717_131504_725497/checkpoint-5000	5000	2026-07-17T14:20:54	/external/nfs/01-home/vsefishman/DNALM/GENATATOR/runs/finding_edge_moderngena_base_plain/20260717_131504_725497/checkpoint-5000	0.004350738901461692	1	2026-08-03T15:50:38+03:00
runs_archive	runs_archive/runs_before_20260727_new_training_20260727_203122/finding_edge_moderngena_base_plain	runs_archive/runs_before_20260727_new_training_20260727_203122/finding_edge_moderngena_base_plain/20260717_142818_673999		TENSORBOARD_ONLY_OR_NO_CHECKPOINT								1	2026-08-03T15:50:38+03:00
runs_archive	runs_archive/runs_before_20260727_new_training_20260727_203122/finding_edge_moderngena_base_plain	runs_archive/runs_before_20260727_new_training_20260727_203122/finding_edge_moderngena_base_plain/20260717_144042_426152		TENSORBOARD_ONLY_OR_NO_CHECKPOINT								1	2026-08-03T15:50:38+03:00
runs_archive	runs_archive/runs_before_20260727_new_training_20260727_203122/finding_edge_moderngena_base_plain	runs_archive/runs_before_20260727_new_training_20260727_203122/finding_edge_moderngena_base_plain/20260717_145229_984551		HAS_CHECKPOINTS_NO_COMPLETION_MARKER	runs_archive/runs_before_20260727_new_training_20260727_203122/finding_edge_moderngena_base_plain/20260717_145229_984551/checkpoint-2000/trainer_state.json	2000	runs_archive/runs_before_20260727_new_training_20260727_203122/finding_edge_moderngena_base_plain/20260717_145229_984551/checkpoint-2000	2000	2026-07-17T15:20:22	/external/nfs/01-home/vsefishman/DNALM/GENATATOR/runs/finding_edge_moderngena_base_plain/20260717_145229_984551/checkpoint-2000	0.005005682286063347	1	2026-08-03T15:50:38+03:00
runs_archive	runs_archive/runs_before_20260727_new_training_20260727_203122/finding_edge_moderngena_base_plain	runs_archive/runs_before_20260727_new_training_20260727_203122/finding_edge_moderngena_base_plain/20260717_153238_105265		HAS_CHECKPOINTS_NO_COMPLETION_MARKER	runs_archive/runs_before_20260727_new_training_20260727_203122/finding_edge_moderngena_base_plain/20260717_153238_105265/checkpoint-2000/trainer_state.json	2000	runs_archive/runs_before_20260727_new_training_20260727_203122/finding_edge_moderngena_base_plain/20260717_153238_105265/checkpoint-2000	2000	2026-07-17T16:09:47	/external/nfs/01-home/vsefishman/DNALM/GENATATOR/runs/finding_edge_moderngena_base_plain/20260717_153238_105265/checkpoint-2000	0.005128730218348262	1	2026-08-03T15:50:38+03:00
runs_archive	runs_archive/runs_before_20260727_new_training_20260727_203122/finding_edge_moderngena_base_plain	runs_archive/runs_before_20260727_new_training_20260727_203122/finding_edge_moderngena_base_plain/20260717_163014_702188		HAS_CHECKPOINTS_NO_COMPLETION_MARKER	runs_archive/runs_before_20260727_new_training_20260727_203122/finding_edge_moderngena_base_plain/20260717_163014_702188/checkpoint-4000/trainer_state.json	4000	runs_archive/runs_before_20260727_new_training_20260727_203122/finding_edge_moderngena_base_plain/20260717_163014_702188/checkpoint-4000	4000	2026-07-17T17:43:23	/external/nfs/01-home/vsefishman/DNALM/GENATATOR/runs/finding_edge_moderngena_base_plain/20260717_163014_702188/checkpoint-4000	0.004615495734512315	1	2026-08-03T15:50:38+03:00
runs_archive	runs_archive/runs_before_20260727_new_training_20260727_203122/finding_edge_moderngena_base_plain	runs_archive/runs_before_20260727_new_training_20260727_203122/finding_edge_moderngena_base_plain/resume_102416_ckpt4000_20260717_213612_667124		HAS_CHECKPOINTS_NO_COMPLETION_MARKER	runs_archive/runs_before_20260727_new_training_20260727_203122/finding_edge_moderngena_base_plain/resume_102416_ckpt4000_20260717_213612_667124/checkpoint-500000/trainer_state.json	500000	runs_archive/runs_before_20260727_new_training_20260727_203122/finding_edge_moderngena_base_plain/resume_102416_ckpt4000_20260717_213612_667124/checkpoint-500000	500000	2026-07-22T06:20:02	/external/nfs/01-home/vsefishman/DNALM/GENATATOR/runs/finding_edge_moderngena_base_plain/resume_102416_ckpt4000_20260717_213612_667124/checkpoint-378000	0.0037998143931196756	1	2026-08-03T15:50:38+03:00
runs_archive	runs_archive/runs_before_20260727_new_training_20260727_203122/finding_edge_moderngena_base_rmt_unet	runs_archive/runs_before_20260727_new_training_20260727_203122/finding_edge_moderngena_base_rmt_unet/20260717_120140_053438		TENSORBOARD_ONLY_OR_NO_CHECKPOINT								1	2026-08-03T15:50:38+03:00
runs_archive	runs_archive/runs_before_20260727_new_training_20260727_203122/finding_edge_moderngena_base_rmt_unet	runs_archive/runs_before_20260727_new_training_20260727_203122/finding_edge_moderngena_base_rmt_unet/20260717_131243_485117		HAS_CHECKPOINTS_NO_COMPLETION_MARKER	runs_archive/runs_before_20260727_new_training_20260727_203122/finding_edge_moderngena_base_rmt_unet/20260717_131243_485117/checkpoint-2000/trainer_state.json	2000	runs_archive/runs_before_20260727_new_training_20260727_203122/finding_edge_moderngena_base_rmt_unet/20260717_131243_485117/checkpoint-2000	2000	2026-07-17T15:29:21	/external/nfs/01-home/vsefishman/DNALM/GENATATOR/runs/finding_edge_moderngena_base_rmt_unet/20260717_131243_485117/checkpoint-2000	0.004702359867905602	1	2026-08-03T15:50:38+03:00
runs_archive	runs_archive/runs_before_20260727_new_training_20260727_203122/finding_edge_moderngena_base_rmt_unet	runs_archive/runs_before_20260727_new_training_20260727_203122/finding_edge_moderngena_base_rmt_unet/20260717_163012_971011		HAS_CHECKPOINTS_NO_COMPLETION_MARKER	runs_archive/runs_before_20260727_new_training_20260727_203122/finding_edge_moderngena_base_rmt_unet/20260717_163012_971011/checkpoint-1000/trainer_state.json	1000	runs_archive/runs_before_20260727_new_training_20260727_203122/finding_edge_moderngena_base_rmt_unet/20260717_163012_971011/checkpoint-1000	1000	2026-07-17T17:21:43	/external/nfs/01-home/vsefishman/DNALM/GENATATOR/runs/finding_edge_moderngena_base_rmt_unet/20260717_163012_971011/checkpoint-1000	0.0075069742817683895	1	2026-08-03T15:50:38+03:00
runs_archive	runs_archive/runs_before_20260727_new_training_20260727_203122/finding_edge_moderngena_base_rmt_unet	runs_archive/runs_before_20260727_new_training_20260727_203122/finding_edge_moderngena_base_rmt_unet/resume_102417_ckpt1000_20260718_090510_502057		HAS_CHECKPOINTS_NO_COMPLETION_MARKER	runs_archive/runs_before_20260727_new_training_20260727_203122/finding_edge_moderngena_base_rmt_unet/resume_102417_ckpt1000_20260718_090510_502057/checkpoint-9000/trainer_state.json	9000	runs_archive/runs_before_20260727_new_training_20260727_203122/finding_edge_moderngena_base_rmt_unet/resume_102417_ckpt1000_20260718_090510_502057/checkpoint-9000	9000	2026-07-18T16:30:20	/external/nfs/01-home/vsefishman/DNALM/GENATATOR/runs/finding_edge_moderngena_base_rmt_unet/resume_102417_ckpt1000_20260718_090510_502057/checkpoint-9000	0.004160261878970626	1	2026-08-03T15:50:38+03:00
runs_archive	runs_archive/runs_before_20260727_new_training_20260727_203122/finding_edge_moderngena_base_rmt_unet	runs_archive/runs_before_20260727_new_training_20260727_203122/finding_edge_moderngena_base_rmt_unet/resume_102417_ckpt1000_20260718_170831_323723		TENSORBOARD_ONLY_OR_NO_CHECKPOINT								1	2026-08-03T15:50:38+03:00
runs_archive	runs_archive/runs_before_20260727_new_training_20260727_203122/finding_edge_moderngena_base_rmt_unet	runs_archive/runs_before_20260727_new_training_20260727_203122/finding_edge_moderngena_base_rmt_unet/resume_102417_ckpt1000_20260718_174940_983303		HAS_CHECKPOINTS_NO_COMPLETION_MARKER	runs_archive/runs_before_20260727_new_training_20260727_203122/finding_edge_moderngena_base_rmt_unet/resume_102417_ckpt1000_20260718_174940_983303/checkpoint-3000/trainer_state.json	3000	runs_archive/runs_before_20260727_new_training_20260727_203122/finding_edge_moderngena_base_rmt_unet/resume_102417_ckpt1000_20260718_174940_983303/checkpoint-3000	3000	2026-07-18T19:36:12	/external/nfs/01-home/vsefishman/DNALM/GENATATOR/runs/finding_edge_moderngena_base_rmt_unet/resume_102417_ckpt1000_20260718_174940_983303/checkpoint-2000	0.004749059684092019	1	2026-08-03T15:50:38+03:00
runs_archive	runs_archive/runs_before_20260727_new_training_20260727_203122/finding_edge_moderngena_base_rmt_unet	runs_archive/runs_before_20260727_new_training_20260727_203122/finding_edge_moderngena_base_rmt_unet/resume_102417_ckpt1000_20260718_200139_672966		HAS_CHECKPOINTS_NO_COMPLETION_MARKER	runs_archive/runs_before_20260727_new_training_20260727_203122/finding_edge_moderngena_base_rmt_unet/resume_102417_ckpt1000_20260718_200139_672966/checkpoint-25000/trainer_state.json	25000	runs_archive/runs_before_20260727_new_training_20260727_203122/finding_edge_moderngena_base_rmt_unet/resume_102417_ckpt1000_20260718_200139_672966/checkpoint-25000	25000	2026-07-20T00:41:05	/external/nfs/01-home/vsefishman/DNALM/GENATATOR/runs/finding_edge_moderngena_base_rmt_unet/resume_102417_ckpt1000_20260718_200139_672966/checkpoint-17000	0.003887835883840651	1	2026-08-03T15:50:38+03:00
runs_archive	runs_archive/runs_before_20260727_new_training_20260727_203122/finding_edge_moderngena_base_rmt_unet	runs_archive/runs_before_20260727_new_training_20260727_203122/finding_edge_moderngena_base_rmt_unet/resume_102417_ckpt1000_20260720_013023_856295		HAS_CHECKPOINTS_NO_COMPLETION_MARKER	runs_archive/runs_before_20260727_new_training_20260727_203122/finding_edge_moderngena_base_rmt_unet/resume_102417_ckpt1000_20260720_013023_856295/checkpoint-194000/trainer_state.json	194000	runs_archive/runs_before_20260727_new_training_20260727_203122/finding_edge_moderngena_base_rmt_unet/resume_102417_ckpt1000_20260720_013023_856295/checkpoint-194000	194000	2026-07-27T14:02:18	/external/nfs/01-home/vsefishman/DNALM/GENATATOR/runs/finding_edge_moderngena_base_rmt_unet/resume_102417_ckpt1000_20260720_013023_856295/checkpoint-88000	0.0032088577731363204	1	2026-08-03T15:50:38+03:00
runs_archive	runs_archive/runs_before_20260727_new_training_20260727_203122/finding_edge_moderngena_base_unet	runs_archive/runs_before_20260727_new_training_20260727_203122/finding_edge_moderngena_base_unet/20260717_120135_575220		HAS_CHECKPOINTS_NO_COMPLETION_MARKER	runs_archive/runs_before_20260727_new_training_20260727_203122/finding_edge_moderngena_base_unet/20260717_120135_575220/checkpoint-1000/trainer_state.json	1000	runs_archive/runs_before_20260727_new_training_20260727_203122/finding_edge_moderngena_base_unet/20260717_120135_575220/checkpoint-1000	1000	2026-07-17T12:42:07	/external/nfs/01-home/vsefishman/DNALM/GENATATOR/runs/finding_edge_moderngena_base_unet/20260717_120135_575220/checkpoint-1000	0.004594039445618836	1	2026-08-03T15:50:38+03:00
runs_archive	runs_archive/runs_before_20260727_new_training_20260727_203122/finding_edge_moderngena_base_unet	runs_archive/runs_before_20260727_new_training_20260727_203122/finding_edge_moderngena_base_unet/20260717_131506_681320		HAS_CHECKPOINTS_NO_COMPLETION_MARKER	runs_archive/runs_before_20260727_new_training_20260727_203122/finding_edge_moderngena_base_unet/20260717_131506_681320/checkpoint-2000/trainer_state.json	2000	runs_archive/runs_before_20260727_new_training_20260727_203122/finding_edge_moderngena_base_unet/20260717_131506_681320/checkpoint-2000	2000	2026-07-17T14:38:47	/external/nfs/01-home/vsefishman/DNALM/GENATATOR/runs/finding_edge_moderngena_base_unet/20260717_131506_681320/checkpoint-2000	0.0042449079916579155	1	2026-08-03T15:50:38+03:00
runs_archive	runs_archive/runs_before_20260727_new_training_20260727_203122/finding_edge_moderngena_base_unet	runs_archive/runs_before_20260727_new_training_20260727_203122/finding_edge_moderngena_base_unet/20260717_145227_883327		TENSORBOARD_ONLY_OR_NO_CHECKPOINT								1	2026-08-03T15:50:38+03:00
runs_archive	runs_archive/runs_before_20260727_new_training_20260727_203122/finding_edge_moderngena_base_unet	runs_archive/runs_before_20260727_new_training_20260727_203122/finding_edge_moderngena_base_unet/20260717_153456_337736		TENSORBOARD_ONLY_OR_NO_CHECKPOINT								1	2026-08-03T15:50:38+03:00
runs_archive	runs_archive/runs_before_20260727_new_training_20260727_203122/finding_edge_moderngena_base_unet	runs_archive/runs_before_20260727_new_training_20260727_203122/finding_edge_moderngena_base_unet/20260717_160443_264936		TENSORBOARD_ONLY_OR_NO_CHECKPOINT								1	2026-08-03T15:50:38+03:00
runs_archive	runs_archive/runs_before_20260727_new_training_20260727_203122/finding_edge_moderngena_base_unet	runs_archive/runs_before_20260727_new_training_20260727_203122/finding_edge_moderngena_base_unet/20260717_161952_604285		TENSORBOARD_ONLY_OR_NO_CHECKPOINT								1	2026-08-03T15:50:38+03:00
runs_archive	runs_archive/runs_before_20260727_new_training_20260727_203122/finding_edge_moderngena_base_unet	runs_archive/runs_before_20260727_new_training_20260727_203122/finding_edge_moderngena_base_unet/20260718_090546_311229		HAS_CHECKPOINTS_NO_COMPLETION_MARKER	runs_archive/runs_before_20260727_new_training_20260727_203122/finding_edge_moderngena_base_unet/20260718_090546_311229/checkpoint-2000/trainer_state.json	2000	runs_archive/runs_before_20260727_new_training_20260727_203122/finding_edge_moderngena_base_unet/20260718_090546_311229/checkpoint-2000	2000	2026-07-18T10:29:25	/external/nfs/01-home/vsefishman/DNALM/GENATATOR/runs/finding_edge_moderngena_base_unet/20260718_090546_311229/checkpoint-2000	0.004162200535562252	1	2026-08-03T15:50:38+03:00
runs_archive	runs_archive/runs_before_20260727_new_training_20260727_203122/finding_edge_moderngena_base_unet	runs_archive/runs_before_20260727_new_training_20260727_203122/finding_edge_moderngena_base_unet/20260718_110219_411668		HAS_CHECKPOINTS_NO_COMPLETION_MARKER	runs_archive/runs_before_20260727_new_training_20260727_203122/finding_edge_moderngena_base_unet/20260718_110219_411668/checkpoint-3000/trainer_state.json	3000	runs_archive/runs_before_20260727_new_training_20260727_203122/finding_edge_moderngena_base_unet/20260718_110219_411668/checkpoint-3000	3000	2026-07-18T13:10:27	/external/nfs/01-home/vsefishman/DNALM/GENATATOR/runs/finding_edge_moderngena_base_unet/20260718_110219_411668/checkpoint-2000	0.004230088921797826	1	2026-08-03T15:50:38+03:00
runs_archive	runs_archive/runs_before_20260727_new_training_20260727_203122/finding_edge_moderngena_large_amt_plain	runs_archive/runs_before_20260727_new_training_20260727_203122/finding_edge_moderngena_large_amt_plain/20260717_202427_168848		TENSORBOARD_ONLY_OR_NO_CHECKPOINT								1	2026-08-03T15:50:38+03:00
runs_archive	runs_archive/runs_before_20260727_new_training_20260727_203122/finding_edge_moderngena_large_amt_plain	runs_archive/runs_before_20260727_new_training_20260727_203122/finding_edge_moderngena_large_amt_plain/20260717_203130_117517		TENSORBOARD_ONLY_OR_NO_CHECKPOINT								1	2026-08-03T15:50:38+03:00
runs_archive	runs_archive/runs_before_20260727_new_training_20260727_203122/finding_edge_moderngena_large_amt_plain	runs_archive/runs_before_20260727_new_training_20260727_203122/finding_edge_moderngena_large_amt_plain/20260718_090544_398863		HAS_CHECKPOINTS_NO_COMPLETION_MARKER	runs_archive/runs_before_20260727_new_training_20260727_203122/finding_edge_moderngena_large_amt_plain/20260718_090544_398863/checkpoint-1000/trainer_state.json	1000	runs_archive/runs_before_20260727_new_training_20260727_203122/finding_edge_moderngena_large_amt_plain/20260718_090544_398863/checkpoint-1000	1000	2026-07-18T10:11:46		inf	1	2026-08-03T15:50:38+03:00
runs_archive	runs_archive/runs_before_20260727_new_training_20260727_203122/finding_edge_moderngena_large_amt_plain	runs_archive/runs_before_20260727_new_training_20260727_203122/finding_edge_moderngena_large_amt_plain/20260721_021503_830375		HAS_CHECKPOINTS_NO_COMPLETION_MARKER	runs_archive/runs_before_20260727_new_training_20260727_203122/finding_edge_moderngena_large_amt_plain/20260721_021503_830375/checkpoint-5000/trainer_state.json	5000	runs_archive/runs_before_20260727_new_training_20260727_203122/finding_edge_moderngena_large_amt_plain/20260721_021503_830375/checkpoint-5000	5000	2026-07-21T07:36:00		inf	1	2026-08-03T15:50:38+03:00
runs_archive	runs_archive/runs_before_20260727_new_training_20260727_203122/finding_edge_moderngena_large_amt_unet	runs_archive/runs_before_20260727_new_training_20260727_203122/finding_edge_moderngena_large_amt_unet/20260717_202429_860425		TENSORBOARD_ONLY_OR_NO_CHECKPOINT								1	2026-08-03T15:50:38+03:00
runs_archive	runs_archive/runs_before_20260727_new_training_20260727_203122/finding_edge_moderngena_large_amt_unet	runs_archive/runs_before_20260727_new_training_20260727_203122/finding_edge_moderngena_large_amt_unet/20260717_203132_344411		HAS_CHECKPOINTS_NO_COMPLETION_MARKER	runs_archive/runs_before_20260727_new_training_20260727_203122/finding_edge_moderngena_large_amt_unet/20260717_203132_344411/checkpoint-105000/trainer_state.json	105000	runs_archive/runs_before_20260727_new_training_20260727_203122/finding_edge_moderngena_large_amt_unet/20260717_203132_344411/checkpoint-105000	105000	2026-07-27T00:09:37		inf	1	2026-08-03T15:50:38+03:00
runs_archive	runs_archive/runs_before_20260727_new_training_20260727_203122/finding_edge_moderngena_large_plain	runs_archive/runs_before_20260727_new_training_20260727_203122/finding_edge_moderngena_large_plain/20260717_202429_334756		TENSORBOARD_ONLY_OR_NO_CHECKPOINT								1	2026-08-03T15:50:38+03:00
runs_archive	runs_archive/runs_before_20260727_new_training_20260727_203122/finding_edge_moderngena_large_plain	runs_archive/runs_before_20260727_new_training_20260727_203122/finding_edge_moderngena_large_plain/20260717_203128_252843		TENSORBOARD_ONLY_OR_NO_CHECKPOINT								1	2026-08-03T15:50:38+03:00
runs_archive	runs_archive/runs_before_20260727_new_training_20260727_203122/finding_edge_moderngena_large_plain	runs_archive/runs_before_20260727_new_training_20260727_203122/finding_edge_moderngena_large_plain/20260717_204920_363216		HAS_CHECKPOINTS_NO_COMPLETION_MARKER	runs_archive/runs_before_20260727_new_training_20260727_203122/finding_edge_moderngena_large_plain/20260717_204920_363216/checkpoint-441000/trainer_state.json	441000	runs_archive/runs_before_20260727_new_training_20260727_203122/finding_edge_moderngena_large_plain/20260717_204920_363216/checkpoint-441000	441000	2026-07-23T15:37:49	/external/nfs/01-home/vsefishman/DNALM/GENATATOR/runs/finding_edge_moderngena_large_plain/20260717_204920_363216/checkpoint-405000	0.0037641872619298927	1	2026-08-03T15:50:38+03:00
runs_archive	runs_archive/runs_before_20260727_new_training_20260727_203122/finding_edge_moderngena_large_rmt_unet	runs_archive/runs_before_20260727_new_training_20260727_203122/finding_edge_moderngena_large_rmt_unet/20260717_202426_036160		TENSORBOARD_ONLY_OR_NO_CHECKPOINT								1	2026-08-03T15:50:38+03:00
runs_archive	runs_archive/runs_before_20260727_new_training_20260727_203122/finding_edge_moderngena_large_rmt_unet	runs_archive/runs_before_20260727_new_training_20260727_203122/finding_edge_moderngena_large_rmt_unet/20260717_203131_148116		TENSORBOARD_ONLY_OR_NO_CHECKPOINT								1	2026-08-03T15:50:38+03:00
runs_archive	runs_archive/runs_before_20260727_new_training_20260727_203122/finding_edge_moderngena_large_rmt_unet	runs_archive/runs_before_20260727_new_training_20260727_203122/finding_edge_moderngena_large_rmt_unet/20260717_204841_634286		HAS_CHECKPOINTS_NO_COMPLETION_MARKER	runs_archive/runs_before_20260727_new_training_20260727_203122/finding_edge_moderngena_large_rmt_unet/20260717_204841_634286/checkpoint-230000/trainer_state.json	230000	runs_archive/runs_before_20260727_new_training_20260727_203122/finding_edge_moderngena_large_rmt_unet/20260717_204841_634286/checkpoint-230000	230000	2026-07-27T13:23:28	/external/nfs/01-home/vsefishman/DNALM/GENATATOR/runs/finding_edge_moderngena_large_rmt_unet/20260717_204841_634286/checkpoint-84000	0.0031432284043932278	1	2026-08-03T15:50:38+03:00
runs_archive	runs_archive/runs_before_20260727_new_training_20260727_203122/finding_edge_moderngena_large_unet	runs_archive/runs_before_20260727_new_training_20260727_203122/finding_edge_moderngena_large_unet/20260717_202425_604599		TENSORBOARD_ONLY_OR_NO_CHECKPOINT								1	2026-08-03T15:50:38+03:00
runs_archive	runs_archive/runs_before_20260727_new_training_20260727_203122/finding_edge_moderngena_large_unet	runs_archive/runs_before_20260727_new_training_20260727_203122/finding_edge_moderngena_large_unet/20260717_203134_916315		HAS_CHECKPOINTS_NO_COMPLETION_MARKER	runs_archive/runs_before_20260727_new_training_20260727_203122/finding_edge_moderngena_large_unet/20260717_203134_916315/checkpoint-302000/trainer_state.json	302000	runs_archive/runs_before_20260727_new_training_20260727_203122/finding_edge_moderngena_large_unet/20260717_203134_916315/checkpoint-302000	302000	2026-07-27T13:37:33	/external/nfs/01-home/vsefishman/DNALM/GENATATOR/runs/finding_edge_moderngena_large_unet/20260717_203134_916315/checkpoint-111000	0.003055176552184158	1	2026-08-03T15:50:38+03:00
runs_archive	runs_archive/runs_before_20260727_new_training_20260727_203122/finding_region_caduceus_ph	runs_archive/runs_before_20260727_new_training_20260727_203122/finding_region_caduceus_ph/20260717_120524_121309		HAS_CHECKPOINTS_NO_COMPLETION_MARKER	runs_archive/runs_before_20260727_new_training_20260727_203122/finding_region_caduceus_ph/20260717_120524_121309/checkpoint-1000/trainer_state.json	1000	runs_archive/runs_before_20260727_new_training_20260727_203122/finding_region_caduceus_ph/20260717_120524_121309/checkpoint-1000	1000	2026-07-17T12:36:22	/external/nfs/01-home/vsefishman/DNALM/GENATATOR/runs/finding_region_caduceus_ph/20260717_120524_121309/checkpoint-1000	0.6314911188956805	1	2026-08-03T15:50:38+03:00
runs_archive	runs_archive/runs_before_20260727_new_training_20260727_203122/finding_region_caduceus_ph	runs_archive/runs_before_20260727_new_training_20260727_203122/finding_region_caduceus_ph/20260718_090544_914091		HAS_CHECKPOINTS_NO_COMPLETION_MARKER	runs_archive/runs_before_20260727_new_training_20260727_203122/finding_region_caduceus_ph/20260718_090544_914091/checkpoint-31000/trainer_state.json	31000	runs_archive/runs_before_20260727_new_training_20260727_203122/finding_region_caduceus_ph/20260718_090544_914091/checkpoint-31000	31000	2026-07-19T00:43:47	/external/nfs/01-home/vsefishman/DNALM/GENATATOR/runs/finding_region_caduceus_ph/20260718_090544_914091/checkpoint-6000	0.5886152268761728	1	2026-08-03T15:50:38+03:00
runs_archive	runs_archive/runs_before_20260727_new_training_20260727_203122/finding_region_caduceus_ph	runs_archive/runs_before_20260727_new_training_20260727_203122/finding_region_caduceus_ph/20260719_010638_677217		HAS_CHECKPOINTS_NO_COMPLETION_MARKER	runs_archive/runs_before_20260727_new_training_20260727_203122/finding_region_caduceus_ph/20260719_010638_677217/checkpoint-48000/trainer_state.json	48000	runs_archive/runs_before_20260727_new_training_20260727_203122/finding_region_caduceus_ph/20260719_010638_677217/checkpoint-48000	48000	2026-07-20T01:20:44	/external/nfs/01-home/vsefishman/DNALM/GENATATOR/runs/finding_region_caduceus_ph/20260719_010638_677217/checkpoint-45000	0.5007762479829311	1	2026-08-03T15:50:38+03:00
runs_archive	runs_archive/runs_before_20260727_new_training_20260727_203122/finding_region_caduceus_ph	runs_archive/runs_before_20260727_new_training_20260727_203122/finding_region_caduceus_ph/20260720_013022_532404		HAS_CHECKPOINTS_NO_COMPLETION_MARKER	runs_archive/runs_before_20260727_new_training_20260727_203122/finding_region_caduceus_ph/20260720_013022_532404/checkpoint-118000/trainer_state.json	118000	runs_archive/runs_before_20260727_new_training_20260727_203122/finding_region_caduceus_ph/20260720_013022_532404/checkpoint-118000	118000	2026-07-22T12:55:22	/external/nfs/01-home/vsefishman/DNALM/GENATATOR/runs/finding_region_caduceus_ph/20260720_013022_532404/checkpoint-92000	0.46297370843091756	1	2026-08-03T15:50:38+03:00
runs_archive	runs_archive/runs_before_20260727_new_training_20260727_203122/finding_region_caduceus_ps	runs_archive/runs_before_20260727_new_training_20260727_203122/finding_region_caduceus_ps/20260717_120529_776493		HAS_CHECKPOINTS_NO_COMPLETION_MARKER	runs_archive/runs_before_20260727_new_training_20260727_203122/finding_region_caduceus_ps/20260717_120529_776493/checkpoint-1000/trainer_state.json	1000	runs_archive/runs_before_20260727_new_training_20260727_203122/finding_region_caduceus_ps/20260717_120529_776493/checkpoint-1000	1000	2026-07-17T12:52:37	/external/nfs/01-home/vsefishman/DNALM/GENATATOR/runs/finding_region_caduceus_ps/20260717_120529_776493/checkpoint-1000	0.6172699607119415	1	2026-08-03T15:50:38+03:00
runs_archive	runs_archive/runs_before_20260727_new_training_20260727_203122/finding_region_caduceus_ps	runs_archive/runs_before_20260727_new_training_20260727_203122/finding_region_caduceus_ps/20260717_131506_903652		HAS_CHECKPOINTS_NO_COMPLETION_MARKER	runs_archive/runs_before_20260727_new_training_20260727_203122/finding_region_caduceus_ps/20260717_131506_903652/checkpoint-4000/trainer_state.json	4000	runs_archive/runs_before_20260727_new_training_20260727_203122/finding_region_caduceus_ps/20260717_131506_903652/checkpoint-4000	4000	2026-07-17T16:21:45	/external/nfs/01-home/vsefishman/DNALM/GENATATOR/runs/finding_region_caduceus_ps/20260717_131506_903652/checkpoint-2000	0.5670354711431904	1	2026-08-03T15:50:38+03:00
runs_archive	runs_archive/runs_before_20260727_new_training_20260727_203122/finding_region_caduceus_ps	runs_archive/runs_before_20260727_new_training_20260727_203122/finding_region_caduceus_ps/20260718_090541_599959		HAS_CHECKPOINTS_NO_COMPLETION_MARKER	runs_archive/runs_before_20260727_new_training_20260727_203122/finding_region_caduceus_ps/20260718_090541_599959/checkpoint-11000/trainer_state.json	11000	runs_archive/runs_before_20260727_new_training_20260727_203122/finding_region_caduceus_ps/20260718_090541_599959/checkpoint-11000	11000	2026-07-18T17:36:48	/external/nfs/01-home/vsefishman/DNALM/GENATATOR/runs/finding_region_caduceus_ps/20260718_090541_599959/checkpoint-7000	0.5163306001096023	1	2026-08-03T15:50:38+03:00
runs_archive	runs_archive/runs_before_20260727_new_training_20260727_203122/finding_region_caduceus_ps	runs_archive/runs_before_20260727_new_training_20260727_203122/finding_region_caduceus_ps/20260718_174941_368435		HAS_CHECKPOINTS_NO_COMPLETION_MARKER	runs_archive/runs_before_20260727_new_training_20260727_203122/finding_region_caduceus_ps/20260718_174941_368435/checkpoint-2000/trainer_state.json	2000	runs_archive/runs_before_20260727_new_training_20260727_203122/finding_region_caduceus_ps/20260718_174941_368435/checkpoint-2000	2000	2026-07-18T19:23:16	/external/nfs/01-home/vsefishman/DNALM/GENATATOR/runs/finding_region_caduceus_ps/20260718_174941_368435/checkpoint-2000	0.5669055553221632	1	2026-08-03T15:50:38+03:00
runs_archive	runs_archive/runs_before_20260727_new_training_20260727_203122/finding_region_caduceus_ps	runs_archive/runs_before_20260727_new_training_20260727_203122/finding_region_caduceus_ps/20260718_200139_973038		HAS_CHECKPOINTS_NO_COMPLETION_MARKER	runs_archive/runs_before_20260727_new_training_20260727_203122/finding_region_caduceus_ps/20260718_200139_973038/checkpoint-34000/trainer_state.json	34000	runs_archive/runs_before_20260727_new_training_20260727_203122/finding_region_caduceus_ps/20260718_200139_973038/checkpoint-34000	34000	2026-07-20T01:25:51	/external/nfs/01-home/vsefishman/DNALM/GENATATOR/runs/finding_region_caduceus_ps/20260718_200139_973038/checkpoint-7000	0.522255318252669	1	2026-08-03T15:50:38+03:00
runs_archive	runs_archive/runs_before_20260727_new_training_20260727_203122/finding_region_caduceus_ps	runs_archive/runs_before_20260727_new_training_20260727_203122/finding_region_caduceus_ps/20260720_013024_483295		HAS_CHECKPOINTS_NO_COMPLETION_MARKER	runs_archive/runs_before_20260727_new_training_20260727_203122/finding_region_caduceus_ps/20260720_013024_483295/checkpoint-233000/trainer_state.json	233000	runs_archive/runs_before_20260727_new_training_20260727_203122/finding_region_caduceus_ps/20260720_013024_483295/checkpoint-233000	233000	2026-07-27T13:37:32	/external/nfs/01-home/vsefishman/DNALM/GENATATOR/runs/finding_region_caduceus_ps/20260720_013024_483295/checkpoint-101000	0.43521777782773186	1	2026-08-03T15:50:38+03:00
runs_archive	runs_archive/runs_before_20260727_new_training_20260727_203122/finding_region_gena_base_amt_plain	runs_archive/runs_before_20260727_new_training_20260727_203122/finding_region_gena_base_amt_plain/20260717_202424_389264		TENSORBOARD_ONLY_OR_NO_CHECKPOINT								1	2026-08-03T15:50:38+03:00
runs_archive	runs_archive/runs_before_20260727_new_training_20260727_203122/finding_region_gena_base_amt_unet	runs_archive/runs_before_20260727_new_training_20260727_203122/finding_region_gena_base_amt_unet/20260717_202426_076494		TENSORBOARD_ONLY_OR_NO_CHECKPOINT								1	2026-08-03T15:50:38+03:00
runs_archive	runs_archive/runs_before_20260727_new_training_20260727_203122/finding_region_gena_base_plain	runs_archive/runs_before_20260727_new_training_20260727_203122/finding_region_gena_base_plain/20260717_202427_612866		TENSORBOARD_ONLY_OR_NO_CHECKPOINT								1	2026-08-03T15:50:38+03:00
runs_archive	runs_archive/runs_before_20260727_new_training_20260727_203122/finding_region_gena_base_plain	runs_archive/runs_before_20260727_new_training_20260727_203122/finding_region_gena_base_plain/20260717_203126_899246		COMPLETED_BY_TRAINER_STATE	runs_archive/runs_before_20260727_new_training_20260727_203122/finding_region_gena_base_plain/20260717_203126_899246/trainer_state.json	500000	runs_archive/runs_before_20260727_new_training_20260727_203122/finding_region_gena_base_plain/20260717_203126_899246/checkpoint-500000	500000	2026-07-24T18:46:48	/external/nfs/01-home/vsefishman/DNALM/GENATATOR/runs/finding_region_gena_base_plain/20260717_203126_899246/checkpoint-54000	0.5525701129779927	1	2026-08-03T15:50:38+03:00
runs_archive	runs_archive/runs_before_20260727_new_training_20260727_203122/finding_region_gena_base_rmt_unet	runs_archive/runs_before_20260727_new_training_20260727_203122/finding_region_gena_base_rmt_unet/20260717_202426_069299		TENSORBOARD_ONLY_OR_NO_CHECKPOINT								1	2026-08-03T15:50:38+03:00
runs_archive	runs_archive/runs_before_20260727_new_training_20260727_203122/finding_region_gena_base_rmt_unet	runs_archive/runs_before_20260727_new_training_20260727_203122/finding_region_gena_base_rmt_unet/20260717_203126_366654		TENSORBOARD_ONLY_OR_NO_CHECKPOINT								1	2026-08-03T15:50:38+03:00
runs_archive	runs_archive/runs_before_20260727_new_training_20260727_203122/finding_region_gena_base_rmt_unet	runs_archive/runs_before_20260727_new_training_20260727_203122/finding_region_gena_base_rmt_unet/20260717_204922_246840		HAS_CHECKPOINTS_NO_COMPLETION_MARKER	runs_archive/runs_before_20260727_new_training_20260727_203122/finding_region_gena_base_rmt_unet/20260717_204922_246840/checkpoint-123000/trainer_state.json	123000	runs_archive/runs_before_20260727_new_training_20260727_203122/finding_region_gena_base_rmt_unet/20260717_204922_246840/checkpoint-123000	123000	2026-07-23T15:51:12	/external/nfs/01-home/vsefishman/DNALM/GENATATOR/runs/finding_region_gena_base_rmt_unet/20260717_204922_246840/checkpoint-83000	0.49194822589984055	1	2026-08-03T15:50:38+03:00
runs_archive	runs_archive/runs_before_20260727_new_training_20260727_203122/finding_region_gena_base_unet	runs_archive/runs_before_20260727_new_training_20260727_203122/finding_region_gena_base_unet/20260717_214233_957621		HAS_CHECKPOINTS_NO_COMPLETION_MARKER	runs_archive/runs_before_20260727_new_training_20260727_203122/finding_region_gena_base_unet/20260717_214233_957621/checkpoint-244000/trainer_state.json	244000	runs_archive/runs_before_20260727_new_training_20260727_203122/finding_region_gena_base_unet/20260717_214233_957621/checkpoint-244000	244000	2026-07-27T13:19:18	/external/nfs/01-home/vsefishman/DNALM/GENATATOR/runs/finding_region_gena_base_unet/20260717_214233_957621/checkpoint-55000	0.5573610131774633	1	2026-08-03T15:50:38+03:00
runs_archive	runs_archive/runs_before_20260727_new_training_20260727_203122/finding_region_gena_large_amt_plain	runs_archive/runs_before_20260727_new_training_20260727_203122/finding_region_gena_large_amt_plain/20260717_214413_956420		TENSORBOARD_ONLY_OR_NO_CHECKPOINT								1	2026-08-03T15:50:38+03:00
runs_archive	runs_archive/runs_before_20260727_new_training_20260727_203122/finding_region_gena_large_amt_unet	runs_archive/runs_before_20260727_new_training_20260727_203122/finding_region_gena_large_amt_unet/20260717_202459_225345		TENSORBOARD_ONLY_OR_NO_CHECKPOINT								1	2026-08-03T15:50:38+03:00
runs_archive	runs_archive/runs_before_20260727_new_training_20260727_203122/finding_region_gena_large_plain	runs_archive/runs_before_20260727_new_training_20260727_203122/finding_region_gena_large_plain/20260717_130207_522045		TENSORBOARD_ONLY_OR_NO_CHECKPOINT								1	2026-08-03T15:50:38+03:00
runs_archive	runs_archive/runs_before_20260727_new_training_20260727_203122/finding_region_gena_large_plain	runs_archive/runs_before_20260727_new_training_20260727_203122/finding_region_gena_large_plain/20260718_090630_951718		HAS_CHECKPOINTS_NO_COMPLETION_MARKER	runs_archive/runs_before_20260727_new_training_20260727_203122/finding_region_gena_large_plain/20260718_090630_951718/checkpoint-2000/trainer_state.json	2000	runs_archive/runs_before_20260727_new_training_20260727_203122/finding_region_gena_large_plain/20260718_090630_951718/checkpoint-2000	2000	2026-07-18T10:33:30	/external/nfs/01-home/vsefishman/DNALM/GENATATOR/runs/finding_region_gena_large_plain/20260718_090630_951718/checkpoint-2000	0.6038173365549266	1	2026-08-03T15:50:38+03:00
runs_archive	runs_archive/runs_before_20260727_new_training_20260727_203122/finding_region_gena_large_plain	runs_archive/runs_before_20260727_new_training_20260727_203122/finding_region_gena_large_plain/20260721_021502_352834		HAS_CHECKPOINTS_NO_COMPLETION_MARKER	runs_archive/runs_before_20260727_new_training_20260727_203122/finding_region_gena_large_plain/20260721_021502_352834/checkpoint-11000/trainer_state.json	11000	runs_archive/runs_before_20260727_new_training_20260727_203122/finding_region_gena_large_plain/20260721_021502_352834/checkpoint-11000	11000	2026-07-21T08:04:44	/external/nfs/01-home/vsefishman/DNALM/GENATATOR/runs/finding_region_gena_large_plain/20260721_021502_352834/checkpoint-7000	0.5723940731934162	1	2026-08-03T15:50:38+03:00
runs_archive	runs_archive/runs_before_20260727_new_training_20260727_203122/finding_region_gena_large_rmt_unet	runs_archive/runs_before_20260727_new_training_20260727_203122/finding_region_gena_large_rmt_unet/20260717_130205_254567		TENSORBOARD_ONLY_OR_NO_CHECKPOINT								1	2026-08-03T15:50:38+03:00
runs_archive	runs_archive/runs_before_20260727_new_training_20260727_203122/finding_region_gena_large_rmt_unet	runs_archive/runs_before_20260727_new_training_20260727_203122/finding_region_gena_large_rmt_unet/20260717_214424_841638		HAS_CHECKPOINTS_NO_COMPLETION_MARKER	runs_archive/runs_before_20260727_new_training_20260727_203122/finding_region_gena_large_rmt_unet/20260717_214424_841638/checkpoint-100000/trainer_state.json	100000	runs_archive/runs_before_20260727_new_training_20260727_203122/finding_region_gena_large_rmt_unet/20260717_214424_841638/checkpoint-100000	100000	2026-07-22T12:17:41	/external/nfs/01-home/vsefishman/DNALM/GENATATOR/runs/finding_region_gena_large_rmt_unet/20260717_214424_841638/checkpoint-83000	0.49732489430036503	1	2026-08-03T15:50:38+03:00
runs_archive	runs_archive/runs_before_20260727_new_training_20260727_203122/finding_region_gena_large_unet	runs_archive/runs_before_20260727_new_training_20260727_203122/finding_region_gena_large_unet/20260721_021458_795570		HAS_CHECKPOINTS_NO_COMPLETION_MARKER	runs_archive/runs_before_20260727_new_training_20260727_203122/finding_region_gena_large_unet/20260721_021458_795570/checkpoint-7000/trainer_state.json	7000	runs_archive/runs_before_20260727_new_training_20260727_203122/finding_region_gena_large_unet/20260721_021458_795570/checkpoint-7000	7000	2026-07-21T10:23:19	/external/nfs/01-home/vsefishman/DNALM/GENATATOR/runs/finding_region_gena_large_unet/20260721_021458_795570/checkpoint-4000	0.579922551555025	1	2026-08-03T15:50:38+03:00
runs_archive	runs_archive/runs_before_20260727_new_training_20260727_203122/finding_region_gena_large_unet	runs_archive/runs_before_20260727_new_training_20260727_203122/finding_region_gena_large_unet/20260721_112820_856739		HAS_CHECKPOINTS_NO_COMPLETION_MARKER	runs_archive/runs_before_20260727_new_training_20260727_203122/finding_region_gena_large_unet/20260721_112820_856739/checkpoint-3000/trainer_state.json	3000	runs_archive/runs_before_20260727_new_training_20260727_203122/finding_region_gena_large_unet/20260721_112820_856739/checkpoint-3000	3000	2026-07-21T14:55:08	/external/nfs/01-home/vsefishman/DNALM/GENATATOR/runs/finding_region_gena_large_unet/20260721_112820_856739/checkpoint-3000	0.6663176894765088	1	2026-08-03T15:50:38+03:00
runs_archive	runs_archive/runs_before_20260727_new_training_20260727_203122/finding_region_gena_large_unet	runs_archive/runs_before_20260727_new_training_20260727_203122/finding_region_gena_large_unet/20260721_162024_124664		HAS_CHECKPOINTS_NO_COMPLETION_MARKER	runs_archive/runs_before_20260727_new_training_20260727_203122/finding_region_gena_large_unet/20260721_162024_124664/checkpoint-8000/trainer_state.json	8000	runs_archive/runs_before_20260727_new_training_20260727_203122/finding_region_gena_large_unet/20260721_162024_124664/checkpoint-8000	8000	2026-07-22T01:34:55	/external/nfs/01-home/vsefishman/DNALM/GENATATOR/runs/finding_region_gena_large_unet/20260721_162024_124664/checkpoint-4000	0.579922551555025	1	2026-08-03T15:50:38+03:00
runs_archive	runs_archive/runs_before_20260727_new_training_20260727_203122/finding_region_gena_large_unet	runs_archive/runs_before_20260727_new_training_20260727_203122/finding_region_gena_large_unet/20260722_015058_394572		HAS_CHECKPOINTS_NO_COMPLETION_MARKER	runs_archive/runs_before_20260727_new_training_20260727_203122/finding_region_gena_large_unet/20260722_015058_394572/checkpoint-14000/trainer_state.json	14000	runs_archive/runs_before_20260727_new_training_20260727_203122/finding_region_gena_large_unet/20260722_015058_394572/checkpoint-14000	14000	2026-07-22T17:53:34	/external/nfs/01-home/vsefishman/DNALM/GENATATOR/runs/finding_region_gena_large_unet/20260722_015058_394572/checkpoint-4000	0.579922551555025	1	2026-08-03T15:50:38+03:00
runs_archive	runs_archive/runs_before_20260727_new_training_20260727_203122/finding_region_gena_large_unet	runs_archive/runs_before_20260727_new_training_20260727_203122/finding_region_gena_large_unet/20260722_185845_482705		TENSORBOARD_ONLY_OR_NO_CHECKPOINT								1	2026-08-03T15:50:38+03:00
runs_archive	runs_archive/runs_before_20260727_new_training_20260727_203122/finding_region_gena_large_unet	runs_archive/runs_before_20260727_new_training_20260727_203122/finding_region_gena_large_unet/20260722_191309_830760		HAS_CHECKPOINTS_NO_COMPLETION_MARKER	runs_archive/runs_before_20260727_new_training_20260727_203122/finding_region_gena_large_unet/20260722_191309_830760/checkpoint-31000/trainer_state.json	31000	runs_archive/runs_before_20260727_new_training_20260727_203122/finding_region_gena_large_unet/20260722_191309_830760/checkpoint-31000	31000	2026-07-24T17:28:26	/external/nfs/01-home/vsefishman/DNALM/GENATATOR/runs/finding_region_gena_large_unet/20260722_191309_830760/checkpoint-22000	0.6010384412237957	1	2026-08-03T15:50:38+03:00
runs_archive	runs_archive/runs_before_20260727_new_training_20260727_203122/finding_region_moderngena_base_amt_plain	runs_archive/runs_before_20260727_new_training_20260727_203122/finding_region_moderngena_base_amt_plain/20260717_202516_119303		TENSORBOARD_ONLY_OR_NO_CHECKPOINT								1	2026-08-03T15:50:38+03:00
runs_archive	runs_archive/runs_before_20260727_new_training_20260727_203122/finding_region_moderngena_base_amt_plain	runs_archive/runs_before_20260727_new_training_20260727_203122/finding_region_moderngena_base_amt_plain/20260717_203538_808751		TENSORBOARD_ONLY_OR_NO_CHECKPOINT								1	2026-08-03T15:50:38+03:00
runs_archive	runs_archive/runs_before_20260727_new_training_20260727_203122/finding_region_moderngena_base_amt_plain	runs_archive/runs_before_20260727_new_training_20260727_203122/finding_region_moderngena_base_amt_plain/20260717_204406_414354		HAS_CHECKPOINTS_NO_COMPLETION_MARKER	runs_archive/runs_before_20260727_new_training_20260727_203122/finding_region_moderngena_base_amt_plain/20260717_204406_414354/checkpoint-272000/trainer_state.json	272000	runs_archive/runs_before_20260727_new_training_20260727_203122/finding_region_moderngena_base_amt_plain/20260717_204406_414354/checkpoint-272000	272000	2026-07-27T13:36:02		inf	1	2026-08-03T15:50:38+03:00
runs_archive	runs_archive/runs_before_20260727_new_training_20260727_203122/finding_region_moderngena_base_amt_unet	runs_archive/runs_before_20260727_new_training_20260727_203122/finding_region_moderngena_base_amt_unet/20260717_202504_105397		TENSORBOARD_ONLY_OR_NO_CHECKPOINT								1	2026-08-03T15:50:38+03:00
runs_archive	runs_archive/runs_before_20260727_new_training_20260727_203122/finding_region_moderngena_base_amt_unet	runs_archive/runs_before_20260727_new_training_20260727_203122/finding_region_moderngena_base_amt_unet/20260717_203551_130048		TENSORBOARD_ONLY_OR_NO_CHECKPOINT								1	2026-08-03T15:50:38+03:00
runs_archive	runs_archive/runs_before_20260727_new_training_20260727_203122/finding_region_moderngena_base_amt_unet	runs_archive/runs_before_20260727_new_training_20260727_203122/finding_region_moderngena_base_amt_unet/20260717_204402_925071		HAS_CHECKPOINTS_NO_COMPLETION_MARKER	runs_archive/runs_before_20260727_new_training_20260727_203122/finding_region_moderngena_base_amt_unet/20260717_204402_925071/checkpoint-166000/trainer_state.json	166000	runs_archive/runs_before_20260727_new_training_20260727_203122/finding_region_moderngena_base_amt_unet/20260717_204402_925071/checkpoint-166000	166000	2026-07-27T14:05:00		inf	1	2026-08-03T15:50:38+03:00
runs_archive	runs_archive/runs_before_20260727_new_training_20260727_203122/finding_region_moderngena_base_plain	runs_archive/runs_before_20260727_new_training_20260727_203122/finding_region_moderngena_base_plain/20260717_214632_127674		HAS_CHECKPOINTS_NO_COMPLETION_MARKER	runs_archive/runs_before_20260727_new_training_20260727_203122/finding_region_moderngena_base_plain/20260717_214632_127674/checkpoint-135000/trainer_state.json	135000	runs_archive/runs_before_20260727_new_training_20260727_203122/finding_region_moderngena_base_plain/20260717_214632_127674/checkpoint-135000	135000	2026-07-19T00:57:08	/external/nfs/01-home/vsefishman/DNALM/GENATATOR/runs/finding_region_moderngena_base_plain/20260717_214632_127674/checkpoint-82000	0.4369706195591745	1	2026-08-03T15:50:38+03:00
runs_archive	runs_archive/runs_before_20260727_new_training_20260727_203122/finding_region_moderngena_base_plain	runs_archive/runs_before_20260727_new_training_20260727_203122/finding_region_moderngena_base_plain/20260721_021502_173095		HAS_CHECKPOINTS_NO_COMPLETION_MARKER	runs_archive/runs_before_20260727_new_training_20260727_203122/finding_region_moderngena_base_plain/20260721_021502_173095/checkpoint-44000/trainer_state.json	44000	runs_archive/runs_before_20260727_new_training_20260727_203122/finding_region_moderngena_base_plain/20260721_021502_173095/checkpoint-44000	44000	2026-07-21T11:17:45	/external/nfs/01-home/vsefishman/DNALM/GENATATOR/runs/finding_region_moderngena_base_plain/20260721_021502_173095/checkpoint-38000	0.4572530408107603	1	2026-08-03T15:50:38+03:00
runs_archive	runs_archive/runs_before_20260727_new_training_20260727_203122/finding_region_moderngena_base_plain	runs_archive/runs_before_20260727_new_training_20260727_203122/finding_region_moderngena_base_plain/20260721_112717_550333		HAS_CHECKPOINTS_NO_COMPLETION_MARKER	runs_archive/runs_before_20260727_new_training_20260727_203122/finding_region_moderngena_base_plain/20260721_112717_550333/checkpoint-500000/trainer_state.json	500000	runs_archive/runs_before_20260727_new_training_20260727_203122/finding_region_moderngena_base_plain/20260721_112717_550333/checkpoint-500000	500000	2026-07-25T15:54:02	/external/nfs/01-home/vsefishman/DNALM/GENATATOR/runs/finding_region_moderngena_base_plain/20260721_112717_550333/checkpoint-498000	0.4294089582325151	1	2026-08-03T15:50:38+03:00
runs_archive	runs_archive/runs_before_20260727_new_training_20260727_203122/finding_region_moderngena_base_rmt_unet	runs_archive/runs_before_20260727_new_training_20260727_203122/finding_region_moderngena_base_rmt_unet/20260718_090724_964234		HAS_CHECKPOINTS_NO_COMPLETION_MARKER	runs_archive/runs_before_20260727_new_training_20260727_203122/finding_region_moderngena_base_rmt_unet/20260718_090724_964234/checkpoint-2000/trainer_state.json	2000	runs_archive/runs_before_20260727_new_training_20260727_203122/finding_region_moderngena_base_rmt_unet/20260718_090724_964234/checkpoint-2000	2000	2026-07-18T10:47:58	/external/nfs/01-home/vsefishman/DNALM/GENATATOR/runs/finding_region_moderngena_base_rmt_unet/20260718_090724_964234/checkpoint-2000	0.6933576280178269	1	2026-08-03T15:50:38+03:00
runs_archive	runs_archive/runs_before_20260727_new_training_20260727_203122/finding_region_moderngena_base_rmt_unet	runs_archive/runs_before_20260727_new_training_20260727_203122/finding_region_moderngena_base_rmt_unet/20260718_110004_742644		HAS_CHECKPOINTS_NO_COMPLETION_MARKER	runs_archive/runs_before_20260727_new_training_20260727_203122/finding_region_moderngena_base_rmt_unet/20260718_110004_742644/checkpoint-2000/trainer_state.json	2000	runs_archive/runs_before_20260727_new_training_20260727_203122/finding_region_moderngena_base_rmt_unet/20260718_110004_742644/checkpoint-2000	2000	2026-07-18T13:12:56	/external/nfs/01-home/vsefishman/DNALM/GENATATOR/runs/finding_region_moderngena_base_rmt_unet/20260718_110004_742644/checkpoint-2000	0.7089619911624112	1	2026-08-03T15:50:38+03:00
runs_archive	runs_archive/runs_before_20260727_new_training_20260727_203122/finding_region_moderngena_base_rmt_unet	runs_archive/runs_before_20260727_new_training_20260727_203122/finding_region_moderngena_base_rmt_unet/20260718_135514_305153		HAS_CHECKPOINTS_NO_COMPLETION_MARKER	runs_archive/runs_before_20260727_new_training_20260727_203122/finding_region_moderngena_base_rmt_unet/20260718_135514_305153/checkpoint-4000/trainer_state.json	4000	runs_archive/runs_before_20260727_new_training_20260727_203122/finding_region_moderngena_base_rmt_unet/20260718_135514_305153/checkpoint-4000	4000	2026-07-18T17:19:10	/external/nfs/01-home/vsefishman/DNALM/GENATATOR/runs/finding_region_moderngena_base_rmt_unet/20260718_135514_305153/checkpoint-4000	0.6736175071831763	1	2026-08-03T15:50:38+03:00
runs_archive	runs_archive/runs_before_20260727_new_training_20260727_203122/finding_region_moderngena_base_rmt_unet	runs_archive/runs_before_20260727_new_training_20260727_203122/finding_region_moderngena_base_rmt_unet/20260718_174825_065966		HAS_CHECKPOINTS_NO_COMPLETION_MARKER	runs_archive/runs_before_20260727_new_training_20260727_203122/finding_region_moderngena_base_rmt_unet/20260718_174825_065966/checkpoint-28000/trainer_state.json	28000	runs_archive/runs_before_20260727_new_training_20260727_203122/finding_region_moderngena_base_rmt_unet/20260718_174825_065966/checkpoint-28000	28000	2026-07-20T00:56:58	/external/nfs/01-home/vsefishman/DNALM/GENATATOR/runs/finding_region_moderngena_base_rmt_unet/20260718_174825_065966/checkpoint-5000	0.5748070100744622	1	2026-08-03T15:50:38+03:00
runs_archive	runs_archive/runs_before_20260727_new_training_20260727_203122/finding_region_moderngena_base_rmt_unet	runs_archive/runs_before_20260727_new_training_20260727_203122/finding_region_moderngena_base_rmt_unet/20260720_013036_243308		HAS_CHECKPOINTS_NO_COMPLETION_MARKER	runs_archive/runs_before_20260727_new_training_20260727_203122/finding_region_moderngena_base_rmt_unet/20260720_013036_243308/checkpoint-5000/trainer_state.json	5000	runs_archive/runs_before_20260727_new_training_20260727_203122/finding_region_moderngena_base_rmt_unet/20260720_013036_243308/checkpoint-5000	5000	2026-07-20T05:45:06	/external/nfs/01-home/vsefishman/DNALM/GENATATOR/runs/finding_region_moderngena_base_rmt_unet/20260720_013036_243308/checkpoint-5000	0.6083672071798513	1	2026-08-03T15:50:38+03:00
runs_archive	runs_archive/runs_before_20260727_new_training_20260727_203122/finding_region_moderngena_base_rmt_unet	runs_archive/runs_before_20260727_new_training_20260727_203122/finding_region_moderngena_base_rmt_unet/20260721_021501_742335		HAS_CHECKPOINTS_NO_COMPLETION_MARKER	runs_archive/runs_before_20260727_new_training_20260727_203122/finding_region_moderngena_base_rmt_unet/20260721_021501_742335/checkpoint-10000/trainer_state.json	10000	runs_archive/runs_before_20260727_new_training_20260727_203122/finding_region_moderngena_base_rmt_unet/20260721_021501_742335/checkpoint-10000	10000	2026-07-21T10:53:32	/external/nfs/01-home/vsefishman/DNALM/GENATATOR/runs/finding_region_moderngena_base_rmt_unet/20260721_021501_742335/checkpoint-6000	0.5802157122536773	1	2026-08-03T15:50:38+03:00
runs_archive	runs_archive/runs_before_20260727_new_training_20260727_203122/finding_region_moderngena_base_rmt_unet	runs_archive/runs_before_20260727_new_training_20260727_203122/finding_region_moderngena_base_rmt_unet/20260721_112818_539210		HAS_CHECKPOINTS_NO_COMPLETION_MARKER	runs_archive/runs_before_20260727_new_training_20260727_203122/finding_region_moderngena_base_rmt_unet/20260721_112818_539210/checkpoint-36000/trainer_state.json	36000	runs_archive/runs_before_20260727_new_training_20260727_203122/finding_region_moderngena_base_rmt_unet/20260721_112818_539210/checkpoint-36000	36000	2026-07-22T18:50:40	/external/nfs/01-home/vsefishman/DNALM/GENATATOR/runs/finding_region_moderngena_base_rmt_unet/20260721_112818_539210/checkpoint-5000	0.5856731040459512	1	2026-08-03T15:50:38+03:00
runs_archive	runs_archive/runs_before_20260727_new_training_20260727_203122/finding_region_moderngena_base_rmt_unet	runs_archive/runs_before_20260727_new_training_20260727_203122/finding_region_moderngena_base_rmt_unet/20260722_185845_236010		TENSORBOARD_ONLY_OR_NO_CHECKPOINT								1	2026-08-03T15:50:38+03:00
runs_archive	runs_archive/runs_before_20260727_new_training_20260727_203122/finding_region_moderngena_base_rmt_unet	runs_archive/runs_before_20260727_new_training_20260727_203122/finding_region_moderngena_base_rmt_unet/20260722_191317_528125		HAS_CHECKPOINTS_NO_COMPLETION_MARKER	runs_archive/runs_before_20260727_new_training_20260727_203122/finding_region_moderngena_base_rmt_unet/20260722_191317_528125/checkpoint-18000/trainer_state.json	18000	runs_archive/runs_before_20260727_new_training_20260727_203122/finding_region_moderngena_base_rmt_unet/20260722_191317_528125/checkpoint-18000	18000	2026-07-23T10:44:01	/external/nfs/01-home/vsefishman/DNALM/GENATATOR/runs/finding_region_moderngena_base_rmt_unet/20260722_191317_528125/checkpoint-6000	0.5899811780556578	1	2026-08-03T15:50:38+03:00
runs_archive	runs_archive/runs_before_20260727_new_training_20260727_203122/finding_region_moderngena_base_rmt_unet	runs_archive/runs_before_20260727_new_training_20260727_203122/finding_region_moderngena_base_rmt_unet/20260723_110133_348550		HAS_CHECKPOINTS_NO_COMPLETION_MARKER	runs_archive/runs_before_20260727_new_training_20260727_203122/finding_region_moderngena_base_rmt_unet/20260723_110133_348550/checkpoint-3000/trainer_state.json	3000	runs_archive/runs_before_20260727_new_training_20260727_203122/finding_region_moderngena_base_rmt_unet/20260723_110133_348550/checkpoint-3000	3000	2026-07-23T14:15:45	/external/nfs/01-home/vsefishman/DNALM/GENATATOR/runs/finding_region_moderngena_base_rmt_unet/20260723_110133_348550/checkpoint-3000	0.6609642646962431	1	2026-08-03T15:50:38+03:00
runs_archive	runs_archive/runs_before_20260727_new_training_20260727_203122/finding_region_moderngena_base_rmt_unet	runs_archive/runs_before_20260727_new_training_20260727_203122/finding_region_moderngena_base_rmt_unet/20260723_152555_313859		TENSORBOARD_ONLY_OR_NO_CHECKPOINT								1	2026-08-03T15:50:38+03:00
runs_archive	runs_archive/runs_before_20260727_new_training_20260727_203122/finding_region_moderngena_base_rmt_unet	runs_archive/runs_before_20260727_new_training_20260727_203122/finding_region_moderngena_base_rmt_unet/20260723_154707_659818		TENSORBOARD_ONLY_OR_NO_CHECKPOINT								1	2026-08-03T15:50:38+03:00
runs_archive	runs_archive/runs_before_20260727_new_training_20260727_203122/finding_region_moderngena_base_unet	runs_archive/runs_before_20260727_new_training_20260727_203122/finding_region_moderngena_base_unet/20260718_090724_530684		HAS_CHECKPOINTS_NO_COMPLETION_MARKER	runs_archive/runs_before_20260727_new_training_20260727_203122/finding_region_moderngena_base_unet/20260718_090724_530684/checkpoint-2000/trainer_state.json	2000	runs_archive/runs_before_20260727_new_training_20260727_203122/finding_region_moderngena_base_unet/20260718_090724_530684/checkpoint-2000	2000	2026-07-18T10:25:22	/external/nfs/01-home/vsefishman/DNALM/GENATATOR/runs/finding_region_moderngena_base_unet/20260718_090724_530684/checkpoint-2000	0.6648064066132936	1	2026-08-03T15:50:38+03:00
runs_archive	runs_archive/runs_before_20260727_new_training_20260727_203122/finding_region_moderngena_base_unet	runs_archive/runs_before_20260727_new_training_20260727_203122/finding_region_moderngena_base_unet/20260718_105944_496519		HAS_CHECKPOINTS_NO_COMPLETION_MARKER	runs_archive/runs_before_20260727_new_training_20260727_203122/finding_region_moderngena_base_unet/20260718_105944_496519/checkpoint-8000/trainer_state.json	8000	runs_archive/runs_before_20260727_new_training_20260727_203122/finding_region_moderngena_base_unet/20260718_105944_496519/checkpoint-8000	8000	2026-07-18T16:24:23	/external/nfs/01-home/vsefishman/DNALM/GENATATOR/runs/finding_region_moderngena_base_unet/20260718_105944_496519/checkpoint-5000	0.5511286859073696	1	2026-08-03T15:50:38+03:00
runs_archive	runs_archive/runs_before_20260727_new_training_20260727_203122/finding_region_moderngena_base_unet	runs_archive/runs_before_20260727_new_training_20260727_203122/finding_region_moderngena_base_unet/20260718_170828_036887		TENSORBOARD_ONLY_OR_NO_CHECKPOINT								1	2026-08-03T15:50:38+03:00
runs_archive	runs_archive/runs_before_20260727_new_training_20260727_203122/finding_region_moderngena_base_unet	runs_archive/runs_before_20260727_new_training_20260727_203122/finding_region_moderngena_base_unet/20260718_174825_644088		HAS_CHECKPOINTS_NO_COMPLETION_MARKER	runs_archive/runs_before_20260727_new_training_20260727_203122/finding_region_moderngena_base_unet/20260718_174825_644088/checkpoint-7000/trainer_state.json	7000	runs_archive/runs_before_20260727_new_training_20260727_203122/finding_region_moderngena_base_unet/20260718_174825_644088/checkpoint-7000	7000	2026-07-19T00:19:27	/external/nfs/01-home/vsefishman/DNALM/GENATATOR/runs/finding_region_moderngena_base_unet/20260718_174825_644088/checkpoint-5000	0.5083086516341608	1	2026-08-03T15:50:38+03:00
runs_archive	runs_archive/runs_before_20260727_new_training_20260727_203122/finding_region_moderngena_base_unet	runs_archive/runs_before_20260727_new_training_20260727_203122/finding_region_moderngena_base_unet/20260719_010640_624834		HAS_CHECKPOINTS_NO_COMPLETION_MARKER	runs_archive/runs_before_20260727_new_training_20260727_203122/finding_region_moderngena_base_unet/20260719_010640_624834/checkpoint-35000/trainer_state.json	35000	runs_archive/runs_before_20260727_new_training_20260727_203122/finding_region_moderngena_base_unet/20260719_010640_624834/checkpoint-35000	35000	2026-07-20T00:58:47	/external/nfs/01-home/vsefishman/DNALM/GENATATOR/runs/finding_region_moderngena_base_unet/20260719_010640_624834/checkpoint-5000	0.5310257008562874	1	2026-08-03T15:50:38+03:00
runs_archive	runs_archive/runs_before_20260727_new_training_20260727_203122/finding_region_moderngena_base_unet	runs_archive/runs_before_20260727_new_training_20260727_203122/finding_region_moderngena_base_unet/20260720_013025_302944		HAS_CHECKPOINTS_NO_COMPLETION_MARKER	runs_archive/runs_before_20260727_new_training_20260727_203122/finding_region_moderngena_base_unet/20260720_013025_302944/checkpoint-263000/trainer_state.json	263000	runs_archive/runs_before_20260727_new_training_20260727_203122/finding_region_moderngena_base_unet/20260720_013025_302944/checkpoint-263000	263000	2026-07-27T14:05:33	/external/nfs/01-home/vsefishman/DNALM/GENATATOR/runs/finding_region_moderngena_base_unet/20260720_013025_302944/checkpoint-82000	0.46138219207551134	1	2026-08-03T15:50:38+03:00
runs_archive	runs_archive/runs_before_20260727_new_training_20260727_203122/finding_region_moderngena_large_amt_plain	runs_archive/runs_before_20260727_new_training_20260727_203122/finding_region_moderngena_large_amt_plain/20260717_202633_819961		TENSORBOARD_ONLY_OR_NO_CHECKPOINT								1	2026-08-03T15:50:38+03:00
runs_archive	runs_archive/runs_before_20260727_new_training_20260727_203122/finding_region_moderngena_large_amt_plain	runs_archive/runs_before_20260727_new_training_20260727_203122/finding_region_moderngena_large_amt_plain/20260717_203408_904417		TENSORBOARD_ONLY_OR_NO_CHECKPOINT								1	2026-08-03T15:50:38+03:00
runs_archive	runs_archive/runs_before_20260727_new_training_20260727_203122/finding_region_moderngena_large_amt_unet	runs_archive/runs_before_20260727_new_training_20260727_203122/finding_region_moderngena_large_amt_unet/20260717_202639_494997		TENSORBOARD_ONLY_OR_NO_CHECKPOINT								1	2026-08-03T15:50:38+03:00
runs_archive	runs_archive/runs_before_20260727_new_training_20260727_203122/finding_region_moderngena_large_amt_unet	runs_archive/runs_before_20260727_new_training_20260727_203122/finding_region_moderngena_large_amt_unet/20260717_203441_533026		TENSORBOARD_ONLY_OR_NO_CHECKPOINT								1	2026-08-03T15:50:38+03:00
runs_archive	runs_archive/runs_before_20260727_new_training_20260727_203122/finding_region_moderngena_large_amt_unet	runs_archive/runs_before_20260727_new_training_20260727_203122/finding_region_moderngena_large_amt_unet/20260717_204648_731372		HAS_CHECKPOINTS_NO_COMPLETION_MARKER	runs_archive/runs_before_20260727_new_training_20260727_203122/finding_region_moderngena_large_amt_unet/20260717_204648_731372/checkpoint-145000/trainer_state.json	145000	runs_archive/runs_before_20260727_new_training_20260727_203122/finding_region_moderngena_large_amt_unet/20260717_204648_731372/checkpoint-145000	145000	2026-07-27T13:13:26		inf	1	2026-08-03T15:50:38+03:00
runs_archive	runs_archive/runs_before_20260727_new_training_20260727_203122/finding_region_moderngena_large_plain	runs_archive/runs_before_20260727_new_training_20260727_203122/finding_region_moderngena_large_plain/20260717_202631_688054		TENSORBOARD_ONLY_OR_NO_CHECKPOINT								1	2026-08-03T15:50:38+03:00
runs_archive	runs_archive/runs_before_20260727_new_training_20260727_203122/finding_region_moderngena_large_plain	runs_archive/runs_before_20260727_new_training_20260727_203122/finding_region_moderngena_large_plain/20260717_203446_218234		TENSORBOARD_ONLY_OR_NO_CHECKPOINT								1	2026-08-03T15:50:38+03:00
runs_archive	runs_archive/runs_before_20260727_new_training_20260727_203122/finding_region_moderngena_large_plain	runs_archive/runs_before_20260727_new_training_20260727_203122/finding_region_moderngena_large_plain/20260721_021502_049275		HAS_CHECKPOINTS_NO_COMPLETION_MARKER	runs_archive/runs_before_20260727_new_training_20260727_203122/finding_region_moderngena_large_plain/20260721_021502_049275/checkpoint-39000/trainer_state.json	39000	runs_archive/runs_before_20260727_new_training_20260727_203122/finding_region_moderngena_large_plain/20260721_021502_049275/checkpoint-39000	39000	2026-07-21T11:22:16	/external/nfs/01-home/vsefishman/DNALM/GENATATOR/runs/finding_region_moderngena_large_plain/20260721_021502_049275/checkpoint-37000	0.44651048768734264	1	2026-08-03T15:50:38+03:00
runs_archive	runs_archive/runs_before_20260727_new_training_20260727_203122/finding_region_moderngena_large_plain	runs_archive/runs_before_20260727_new_training_20260727_203122/finding_region_moderngena_large_plain/20260721_113003_964647		HAS_CHECKPOINTS_NO_COMPLETION_MARKER	runs_archive/runs_before_20260727_new_training_20260727_203122/finding_region_moderngena_large_plain/20260721_113003_964647/checkpoint-19000/trainer_state.json	19000	runs_archive/runs_before_20260727_new_training_20260727_203122/finding_region_moderngena_large_plain/20260721_113003_964647/checkpoint-19000	19000	2026-07-21T15:54:47	/external/nfs/01-home/vsefishman/DNALM/GENATATOR/runs/finding_region_moderngena_large_plain/20260721_113003_964647/checkpoint-5000	0.4666728382127108	1	2026-08-03T15:50:38+03:00
runs_archive	runs_archive/runs_before_20260727_new_training_20260727_203122/finding_region_moderngena_large_plain	runs_archive/runs_before_20260727_new_training_20260727_203122/finding_region_moderngena_large_plain/20260721_161132_685507		HAS_CHECKPOINTS_NO_COMPLETION_MARKER	runs_archive/runs_before_20260727_new_training_20260727_203122/finding_region_moderngena_large_plain/20260721_161132_685507/checkpoint-41000/trainer_state.json	41000	runs_archive/runs_before_20260727_new_training_20260727_203122/finding_region_moderngena_large_plain/20260721_161132_685507/checkpoint-41000	41000	2026-07-22T01:35:10	/external/nfs/01-home/vsefishman/DNALM/GENATATOR/runs/finding_region_moderngena_large_plain/20260721_161132_685507/checkpoint-37000	0.4449700890787338	1	2026-08-03T15:50:38+03:00
runs_archive	runs_archive/runs_before_20260727_new_training_20260727_203122/finding_region_moderngena_large_plain	runs_archive/runs_before_20260727_new_training_20260727_203122/finding_region_moderngena_large_plain/20260722_015101_911781		HAS_CHECKPOINTS_NO_COMPLETION_MARKER	runs_archive/runs_before_20260727_new_training_20260727_203122/finding_region_moderngena_large_plain/20260722_015101_911781/checkpoint-55000/trainer_state.json	55000	runs_archive/runs_before_20260727_new_training_20260727_203122/finding_region_moderngena_large_plain/20260722_015101_911781/checkpoint-55000	55000	2026-07-22T18:39:05	/external/nfs/01-home/vsefishman/DNALM/GENATATOR/runs/finding_region_moderngena_large_plain/20260722_015101_911781/checkpoint-37000	0.45134826897016483	1	2026-08-03T15:50:38+03:00
runs_archive	runs_archive/runs_before_20260727_new_training_20260727_203122/finding_region_moderngena_large_plain	runs_archive/runs_before_20260727_new_training_20260727_203122/finding_region_moderngena_large_plain/20260722_185850_505108		TENSORBOARD_ONLY_OR_NO_CHECKPOINT								1	2026-08-03T15:50:38+03:00
runs_archive	runs_archive/runs_before_20260727_new_training_20260727_203122/finding_region_moderngena_large_plain	runs_archive/runs_before_20260727_new_training_20260727_203122/finding_region_moderngena_large_plain/20260722_192122_714743		HAS_CHECKPOINTS_NO_COMPLETION_MARKER	runs_archive/runs_before_20260727_new_training_20260727_203122/finding_region_moderngena_large_plain/20260722_192122_714743/checkpoint-18000/trainer_state.json	18000	runs_archive/runs_before_20260727_new_training_20260727_203122/finding_region_moderngena_large_plain/20260722_192122_714743/checkpoint-18000	18000	2026-07-23T00:51:16	/external/nfs/01-home/vsefishman/DNALM/GENATATOR/runs/finding_region_moderngena_large_plain/20260722_192122_714743/checkpoint-5000	0.48428376792985395	1	2026-08-03T15:50:38+03:00
runs_archive	runs_archive/runs_before_20260727_new_training_20260727_203122/finding_region_moderngena_large_plain	runs_archive/runs_before_20260727_new_training_20260727_203122/finding_region_moderngena_large_plain/20260723_005531_603407		HAS_CHECKPOINTS_NO_COMPLETION_MARKER	runs_archive/runs_before_20260727_new_training_20260727_203122/finding_region_moderngena_large_plain/20260723_005531_603407/checkpoint-32000/trainer_state.json	32000	runs_archive/runs_before_20260727_new_training_20260727_203122/finding_region_moderngena_large_plain/20260723_005531_603407/checkpoint-32000	32000	2026-07-23T10:41:55	/external/nfs/01-home/vsefishman/DNALM/GENATATOR/runs/finding_region_moderngena_large_plain/20260723_005531_603407/checkpoint-5000	0.47987515192722174	1	2026-08-03T15:50:38+03:00
runs_archive	runs_archive/runs_before_20260727_new_training_20260727_203122/finding_region_moderngena_large_plain	runs_archive/runs_before_20260727_new_training_20260727_203122/finding_region_moderngena_large_plain/20260723_111635_369965		HAS_CHECKPOINTS_NO_COMPLETION_MARKER	runs_archive/runs_before_20260727_new_training_20260727_203122/finding_region_moderngena_large_plain/20260723_111635_369965/checkpoint-13000/trainer_state.json	13000	runs_archive/runs_before_20260727_new_training_20260727_203122/finding_region_moderngena_large_plain/20260723_111635_369965/checkpoint-13000	13000	2026-07-23T15:16:45	/external/nfs/01-home/vsefishman/DNALM/GENATATOR/runs/finding_region_moderngena_large_plain/20260723_111635_369965/checkpoint-5000	0.48937028463764715	1	2026-08-03T15:50:38+03:00
runs_archive	runs_archive/runs_before_20260727_new_training_20260727_203122/finding_region_moderngena_large_plain	runs_archive/runs_before_20260727_new_training_20260727_203122/finding_region_moderngena_large_plain/20260723_152555_545512		HAS_CHECKPOINTS_NO_COMPLETION_MARKER	runs_archive/runs_before_20260727_new_training_20260727_203122/finding_region_moderngena_large_plain/20260723_152555_545512/checkpoint-1000/trainer_state.json	1000	runs_archive/runs_before_20260727_new_training_20260727_203122/finding_region_moderngena_large_plain/20260723_152555_545512/checkpoint-1000	1000	2026-07-23T15:41:25	/external/nfs/01-home/vsefishman/DNALM/GENATATOR/runs/finding_region_moderngena_large_plain/20260723_152555_545512/checkpoint-1000	0.6458667167106062	1	2026-08-03T15:50:38+03:00
runs_archive	runs_archive/runs_before_20260727_new_training_20260727_203122/finding_region_moderngena_large_plain	runs_archive/runs_before_20260727_new_training_20260727_203122/finding_region_moderngena_large_plain/20260723_161706_129439		TENSORBOARD_ONLY_OR_NO_CHECKPOINT								1	2026-08-03T15:50:38+03:00
runs_archive	runs_archive/runs_before_20260727_new_training_20260727_203122/finding_region_moderngena_large_plain	runs_archive/runs_before_20260727_new_training_20260727_203122/finding_region_moderngena_large_plain/20260723_162808_567702		HAS_CHECKPOINTS_NO_COMPLETION_MARKER	runs_archive/runs_before_20260727_new_training_20260727_203122/finding_region_moderngena_large_plain/20260723_162808_567702/checkpoint-310000/trainer_state.json	310000	runs_archive/runs_before_20260727_new_training_20260727_203122/finding_region_moderngena_large_plain/20260723_162808_567702/checkpoint-310000	310000	2026-07-27T14:01:30	/external/nfs/01-home/vsefishman/DNALM/GENATATOR/runs/finding_region_moderngena_large_plain/20260723_162808_567702/checkpoint-82000	0.4313973586429264	1	2026-08-03T15:50:38+03:00
runs_archive	runs_archive/runs_before_20260727_new_training_20260727_203122/finding_region_moderngena_large_rmt_unet	runs_archive/runs_before_20260727_new_training_20260727_203122/finding_region_moderngena_large_rmt_unet/20260717_202632_762307		TENSORBOARD_ONLY_OR_NO_CHECKPOINT								1	2026-08-03T15:50:38+03:00
runs_archive	runs_archive/runs_before_20260727_new_training_20260727_203122/finding_region_moderngena_large_rmt_unet	runs_archive/runs_before_20260727_new_training_20260727_203122/finding_region_moderngena_large_rmt_unet/20260717_203543_303562		TENSORBOARD_ONLY_OR_NO_CHECKPOINT								1	2026-08-03T15:50:38+03:00
runs_archive	runs_archive/runs_before_20260727_new_training_20260727_203122/finding_region_moderngena_large_rmt_unet	runs_archive/runs_before_20260727_new_training_20260727_203122/finding_region_moderngena_large_rmt_unet/20260717_204617_408646		HAS_CHECKPOINTS_NO_COMPLETION_MARKER	runs_archive/runs_before_20260727_new_training_20260727_203122/finding_region_moderngena_large_rmt_unet/20260717_204617_408646/checkpoint-246000/trainer_state.json	246000	runs_archive/runs_before_20260727_new_training_20260727_203122/finding_region_moderngena_large_rmt_unet/20260717_204617_408646/checkpoint-246000	246000	2026-07-27T14:10:06	/external/nfs/01-home/vsefishman/DNALM/GENATATOR/runs/finding_region_moderngena_large_rmt_unet/20260717_204617_408646/checkpoint-82000	0.4747636571240296	1	2026-08-03T15:50:38+03:00
runs_archive	runs_archive/runs_before_20260727_new_training_20260727_203122/finding_region_moderngena_large_unet	runs_archive/runs_before_20260727_new_training_20260727_203122/finding_region_moderngena_large_unet/20260717_202630_902124		HAS_CHECKPOINTS_NO_COMPLETION_MARKER	runs_archive/runs_before_20260727_new_training_20260727_203122/finding_region_moderngena_large_unet/20260717_202630_902124/checkpoint-156000/trainer_state.json	156000	runs_archive/runs_before_20260727_new_training_20260727_203122/finding_region_moderngena_large_unet/20260717_202630_902124/checkpoint-156000	156000	2026-07-22T12:25:04	/external/nfs/01-home/vsefishman/DNALM/GENATATOR/runs/finding_region_moderngena_large_unet/20260717_202630_902124/checkpoint-83000	0.5145253864902268	1	2026-08-03T15:50:38+03:00
runs_archive	runs_archive/runs_before_20260727_new_training_20260727_203122/segmentation_caduceus_ph_middle_loss	runs_archive/runs_before_20260727_new_training_20260727_203122/segmentation_caduceus_ph_middle_loss/20260716_204155_100993		HAS_CHECKPOINTS_NO_COMPLETION_MARKER	runs_archive/runs_before_20260727_new_training_20260727_203122/segmentation_caduceus_ph_middle_loss/20260716_204155_100993/checkpoint-126000/trainer_state.json	126000	runs_archive/runs_before_20260727_new_training_20260727_203122/segmentation_caduceus_ph_middle_loss/20260716_204155_100993/checkpoint-126000	126000	2026-07-17T09:24:19	/external/nfs/01-home/vsefishman/DNALM/GENATATOR/runs/segmentation_caduceus_ph_middle_loss/20260716_204155_100993/checkpoint-90000	0.02882663418595209	1	2026-08-03T15:50:38+03:00
runs_archive	runs_archive/runs_before_20260727_new_training_20260727_203122/segmentation_caduceus_ph_middle_loss	runs_archive/runs_before_20260727_new_training_20260727_203122/segmentation_caduceus_ph_middle_loss/20260717_100106_554946		HAS_CHECKPOINTS_NO_COMPLETION_MARKER	runs_archive/runs_before_20260727_new_training_20260727_203122/segmentation_caduceus_ph_middle_loss/20260717_100106_554946/checkpoint-77000/trainer_state.json	77000	runs_archive/runs_before_20260727_new_training_20260727_203122/segmentation_caduceus_ph_middle_loss/20260717_100106_554946/checkpoint-77000	77000	2026-07-17T17:57:33	/external/nfs/01-home/vsefishman/DNALM/GENATATOR/runs/segmentation_caduceus_ph_middle_loss/20260717_100106_554946/checkpoint-35000	0.030445014522865563	1	2026-08-03T15:50:38+03:00
runs_archive	runs_archive/runs_before_20260727_new_training_20260727_203122/segmentation_caduceus_ph_middle_loss	runs_archive/runs_before_20260727_new_training_20260727_203122/segmentation_caduceus_ph_middle_loss/resume_102363_ckpt77000_20260718_090721_422355		HAS_CHECKPOINTS_NO_COMPLETION_MARKER	runs_archive/runs_before_20260727_new_training_20260727_203122/segmentation_caduceus_ph_middle_loss/resume_102363_ckpt77000_20260718_090721_422355/checkpoint-93000/trainer_state.json	93000	runs_archive/runs_before_20260727_new_training_20260727_203122/segmentation_caduceus_ph_middle_loss/resume_102363_ckpt77000_20260718_090721_422355/checkpoint-93000	93000	2026-07-18T10:56:17	/external/nfs/01-home/vsefishman/DNALM/GENATATOR/runs/segmentation_caduceus_ph_middle_loss/20260717_100106_554946/checkpoint-35000	0.030445014522865563	1	2026-08-03T15:50:38+03:00
runs_archive	runs_archive/runs_before_20260727_new_training_20260727_203122/segmentation_caduceus_ph_middle_loss	runs_archive/runs_before_20260727_new_training_20260727_203122/segmentation_caduceus_ph_middle_loss/resume_102363_ckpt77000_20260718_110353_603926		HAS_CHECKPOINTS_NO_COMPLETION_MARKER	runs_archive/runs_before_20260727_new_training_20260727_203122/segmentation_caduceus_ph_middle_loss/resume_102363_ckpt77000_20260718_110353_603926/checkpoint-102000/trainer_state.json	102000	runs_archive/runs_before_20260727_new_training_20260727_203122/segmentation_caduceus_ph_middle_loss/resume_102363_ckpt77000_20260718_110353_603926/checkpoint-102000	102000	2026-07-18T13:47:31	/external/nfs/01-home/vsefishman/DNALM/GENATATOR/runs/segmentation_caduceus_ph_middle_loss/20260717_100106_554946/checkpoint-35000	0.030445014522865563	1	2026-08-03T15:50:38+03:00
runs_archive	runs_archive/runs_before_20260727_new_training_20260727_203122/segmentation_caduceus_ps_middle_loss	runs_archive/runs_before_20260727_new_training_20260727_203122/segmentation_caduceus_ps_middle_loss/20260716_210323_026008		HAS_CHECKPOINTS_NO_COMPLETION_MARKER	runs_archive/runs_before_20260727_new_training_20260727_203122/segmentation_caduceus_ps_middle_loss/20260716_210323_026008/checkpoint-63000/trainer_state.json	63000	runs_archive/runs_before_20260727_new_training_20260727_203122/segmentation_caduceus_ps_middle_loss/20260716_210323_026008/checkpoint-63000	63000	2026-07-17T09:25:36	/external/nfs/01-home/vsefishman/DNALM/GENATATOR/runs/segmentation_caduceus_ps_middle_loss/20260716_210323_026008/checkpoint-2000	0.026198619087565336	1	2026-08-03T15:50:38+03:00
runs_archive	runs_archive/runs_before_20260727_new_training_20260727_203122/segmentation_caduceus_ps_middle_loss	runs_archive/runs_before_20260727_new_training_20260727_203122/segmentation_caduceus_ps_middle_loss/20260717_100107_736755		TENSORBOARD_ONLY_OR_NO_CHECKPOINT								1	2026-08-03T15:50:38+03:00
runs_archive	runs_archive/runs_before_20260727_new_training_20260727_203122/segmentation_caduceus_ps_middle_loss	runs_archive/runs_before_20260727_new_training_20260727_203122/segmentation_caduceus_ps_middle_loss/20260717_220148_640634		HAS_CHECKPOINTS_NO_COMPLETION_MARKER	runs_archive/runs_before_20260727_new_training_20260727_203122/segmentation_caduceus_ps_middle_loss/20260717_220148_640634/checkpoint-140000/trainer_state.json	140000	runs_archive/runs_before_20260727_new_training_20260727_203122/segmentation_caduceus_ps_middle_loss/20260717_220148_640634/checkpoint-140000	140000	2026-07-19T00:54:55	/external/nfs/01-home/vsefishman/DNALM/GENATATOR/runs/segmentation_caduceus_ps_middle_loss/20260717_220148_640634/checkpoint-90000	0.02882663418595209	1	2026-08-03T15:50:38+03:00
runs_archive	runs_archive/runs_before_20260727_new_training_20260727_203122/segmentation_caduceus_ps_middle_loss	runs_archive/runs_before_20260727_new_training_20260727_203122/segmentation_caduceus_ps_middle_loss/20260719_010646_274380		HAS_CHECKPOINTS_NO_COMPLETION_MARKER	runs_archive/runs_before_20260727_new_training_20260727_203122/segmentation_caduceus_ps_middle_loss/20260719_010646_274380/checkpoint-125000/trainer_state.json	125000	runs_archive/runs_before_20260727_new_training_20260727_203122/segmentation_caduceus_ps_middle_loss/20260719_010646_274380/checkpoint-125000	125000	2026-07-20T01:26:24	/external/nfs/01-home/vsefishman/DNALM/GENATATOR/runs/segmentation_caduceus_ps_middle_loss/20260719_010646_274380/checkpoint-2000	0.02615979381443299	1	2026-08-03T15:50:38+03:00
runs_archive	runs_archive/runs_before_20260727_new_training_20260727_203122/segmentation_caduceus_ps_middle_loss	runs_archive/runs_before_20260727_new_training_20260727_203122/segmentation_caduceus_ps_middle_loss/20260720_012957_469009		COMPLETED_BY_TRAINER_STATE	runs_archive/runs_before_20260727_new_training_20260727_203122/segmentation_caduceus_ps_middle_loss/20260720_012957_469009/trainer_state.json	500000	runs_archive/runs_before_20260727_new_training_20260727_203122/segmentation_caduceus_ps_middle_loss/20260720_012957_469009/checkpoint-500000	500000	2026-07-24T03:59:21	/external/nfs/01-home/vsefishman/DNALM/GENATATOR/runs/segmentation_caduceus_ps_middle_loss/20260720_012957_469009/checkpoint-2000	0.026186790505675954	1	2026-08-03T15:50:38+03:00
runs_archive	runs_archive/runs_before_20260727_new_training_20260727_203122/segmentation_gena_base_amt_unet	runs_archive/runs_before_20260727_new_training_20260727_203122/segmentation_gena_base_amt_unet/20260717_204458_808354		TENSORBOARD_ONLY_OR_NO_CHECKPOINT								1	2026-08-03T15:50:38+03:00
runs_archive	runs_archive/runs_before_20260727_new_training_20260727_203122/segmentation_gena_base_rmt_unet	runs_archive/runs_before_20260727_new_training_20260727_203122/segmentation_gena_base_rmt_unet/20260717_220148_624102		HAS_CHECKPOINTS_NO_COMPLETION_MARKER	runs_archive/runs_before_20260727_new_training_20260727_203122/segmentation_gena_base_rmt_unet/20260717_220148_624102/checkpoint-107000/trainer_state.json	107000	runs_archive/runs_before_20260727_new_training_20260727_203122/segmentation_gena_base_rmt_unet/20260717_220148_624102/checkpoint-107000	107000	2026-07-19T01:01:33	/external/nfs/01-home/vsefishman/DNALM/GENATATOR/runs/segmentation_gena_base_rmt_unet/20260717_220148_624102/checkpoint-44000	0.07927353049453921	1	2026-08-03T15:50:38+03:00
runs_archive	runs_archive/runs_before_20260727_new_training_20260727_203122/segmentation_gena_base_rmt_unet	runs_archive/runs_before_20260727_new_training_20260727_203122/segmentation_gena_base_rmt_unet/20260719_010647_440292		HAS_CHECKPOINTS_NO_COMPLETION_MARKER	runs_archive/runs_before_20260727_new_training_20260727_203122/segmentation_gena_base_rmt_unet/20260719_010647_440292/checkpoint-97000/trainer_state.json	97000	runs_archive/runs_before_20260727_new_training_20260727_203122/segmentation_gena_base_rmt_unet/20260719_010647_440292/checkpoint-97000	97000	2026-07-20T01:17:15	/external/nfs/01-home/vsefishman/DNALM/GENATATOR/runs/segmentation_gena_base_rmt_unet/20260719_010647_440292/checkpoint-28000	0.07954232906100446	1	2026-08-03T15:50:38+03:00
runs_archive	runs_archive/runs_before_20260727_new_training_20260727_203122/segmentation_gena_base_rmt_unet	runs_archive/runs_before_20260727_new_training_20260727_203122/segmentation_gena_base_rmt_unet/20260720_014908_779970		HAS_CHECKPOINTS_NO_COMPLETION_MARKER	runs_archive/runs_before_20260727_new_training_20260727_203122/segmentation_gena_base_rmt_unet/20260720_014908_779970/checkpoint-500000/trainer_state.json	500000	runs_archive/runs_before_20260727_new_training_20260727_203122/segmentation_gena_base_rmt_unet/20260720_014908_779970/checkpoint-500000	500000	2026-07-25T06:39:45	/external/nfs/01-home/vsefishman/DNALM/GENATATOR/runs/segmentation_gena_base_rmt_unet/20260720_014908_779970/checkpoint-29000	0.08255539309414014	1	2026-08-03T15:50:38+03:00
runs_archive	runs_archive/runs_before_20260727_new_training_20260727_203122/segmentation_gena_base_unet	runs_archive/runs_before_20260727_new_training_20260727_203122/segmentation_gena_base_unet/20260717_220304_950145		HAS_CHECKPOINTS_NO_COMPLETION_MARKER	runs_archive/runs_before_20260727_new_training_20260727_203122/segmentation_gena_base_unet/20260717_220304_950145/checkpoint-279000/trainer_state.json	279000	runs_archive/runs_before_20260727_new_training_20260727_203122/segmentation_gena_base_unet/20260717_220304_950145/checkpoint-279000	279000	2026-07-19T01:01:57	/external/nfs/01-home/vsefishman/DNALM/GENATATOR/runs/segmentation_gena_base_unet/20260717_220304_950145/checkpoint-170000	0.12891423652211342	1	2026-08-03T15:50:38+03:00
runs_archive	runs_archive/runs_before_20260727_new_training_20260727_203122/segmentation_gena_base_unet	runs_archive/runs_before_20260727_new_training_20260727_203122/segmentation_gena_base_unet/20260719_010637_990494		HAS_CHECKPOINTS_NO_COMPLETION_MARKER	runs_archive/runs_before_20260727_new_training_20260727_203122/segmentation_gena_base_unet/20260719_010637_990494/checkpoint-197000/trainer_state.json	197000	runs_archive/runs_before_20260727_new_training_20260727_203122/segmentation_gena_base_unet/20260719_010637_990494/checkpoint-197000	197000	2026-07-20T01:26:06	/external/nfs/01-home/vsefishman/DNALM/GENATATOR/runs/segmentation_gena_base_unet/20260719_010637_990494/checkpoint-170000	0.19129460115822902	1	2026-08-03T15:50:38+03:00
runs_archive	runs_archive/runs_before_20260727_new_training_20260727_203122/segmentation_gena_base_unet	runs_archive/runs_before_20260727_new_training_20260727_203122/segmentation_gena_base_unet/20260720_014911_310221		HAS_CHECKPOINTS_NO_COMPLETION_MARKER	runs_archive/runs_before_20260727_new_training_20260727_203122/segmentation_gena_base_unet/20260720_014911_310221/checkpoint-34000/trainer_state.json	34000	runs_archive/runs_before_20260727_new_training_20260727_203122/segmentation_gena_base_unet/20260720_014911_310221/checkpoint-34000	34000	2026-07-20T05:59:34	/external/nfs/01-home/vsefishman/DNALM/GENATATOR/runs/segmentation_gena_base_unet/20260720_014911_310221/checkpoint-29000	0.1178662939669229	1	2026-08-03T15:50:38+03:00
runs_archive	runs_archive/runs_before_20260727_new_training_20260727_203122/segmentation_gena_base_unet	runs_archive/runs_before_20260727_new_training_20260727_203122/segmentation_gena_base_unet/20260720_060419_072241		HAS_CHECKPOINTS_NO_COMPLETION_MARKER	runs_archive/runs_before_20260727_new_training_20260727_203122/segmentation_gena_base_unet/20260720_060419_072241/checkpoint-50000/trainer_state.json	50000	runs_archive/runs_before_20260727_new_training_20260727_203122/segmentation_gena_base_unet/20260720_060419_072241/checkpoint-50000	50000	2026-07-20T10:44:53	/external/nfs/01-home/vsefishman/DNALM/GENATATOR/runs/segmentation_gena_base_unet/20260720_060419_072241/checkpoint-22000	0.11377065598397597	1	2026-08-03T15:50:38+03:00
runs_archive	runs_archive/runs_before_20260727_new_training_20260727_203122/segmentation_gena_base_unet	runs_archive/runs_before_20260727_new_training_20260727_203122/segmentation_gena_base_unet/20260720_105051_616078		HAS_CHECKPOINTS_NO_COMPLETION_MARKER	runs_archive/runs_before_20260727_new_training_20260727_203122/segmentation_gena_base_unet/20260720_105051_616078/checkpoint-254000/trainer_state.json	254000	runs_archive/runs_before_20260727_new_training_20260727_203122/segmentation_gena_base_unet/20260720_105051_616078/checkpoint-254000	254000	2026-07-21T11:21:01	/external/nfs/01-home/vsefishman/DNALM/GENATATOR/runs/segmentation_gena_base_unet/20260720_105051_616078/checkpoint-93000	0.1299416363836582	1	2026-08-03T15:50:38+03:00
runs_archive	runs_archive/runs_before_20260727_new_training_20260727_203122/segmentation_gena_base_unet	runs_archive/runs_before_20260727_new_training_20260727_203122/segmentation_gena_base_unet/20260721_120727_038555		HAS_CHECKPOINTS_NO_COMPLETION_MARKER	runs_archive/runs_before_20260727_new_training_20260727_203122/segmentation_gena_base_unet/20260721_120727_038555/checkpoint-40000/trainer_state.json	40000	runs_archive/runs_before_20260727_new_training_20260727_203122/segmentation_gena_base_unet/20260721_120727_038555/checkpoint-40000	40000	2026-07-21T15:53:28	/external/nfs/01-home/vsefishman/DNALM/GENATATOR/runs/segmentation_gena_base_unet/20260721_120727_038555/checkpoint-22000	0.11377065598397597	1	2026-08-03T15:50:38+03:00
runs_archive	runs_archive/runs_before_20260727_new_training_20260727_203122/segmentation_gena_base_unet	runs_archive/runs_before_20260727_new_training_20260727_203122/segmentation_gena_base_unet/20260721_164315_275080		HAS_CHECKPOINTS_NO_COMPLETION_MARKER	runs_archive/runs_before_20260727_new_training_20260727_203122/segmentation_gena_base_unet/20260721_164315_275080/checkpoint-1000/trainer_state.json	1000	runs_archive/runs_before_20260727_new_training_20260727_203122/segmentation_gena_base_unet/20260721_164315_275080/checkpoint-1000	1000	2026-07-21T17:06:49	/external/nfs/01-home/vsefishman/DNALM/GENATATOR/runs/segmentation_gena_base_unet/20260721_164315_275080/checkpoint-1000	0.09759065466050133	1	2026-08-03T15:50:38+03:00
runs_archive	runs_archive/runs_before_20260727_new_training_20260727_203122/segmentation_gena_base_unet	runs_archive/runs_before_20260727_new_training_20260727_203122/segmentation_gena_base_unet/20260721_193044_724214		HAS_CHECKPOINTS_NO_COMPLETION_MARKER	runs_archive/runs_before_20260727_new_training_20260727_203122/segmentation_gena_base_unet/20260721_193044_724214/checkpoint-500000/trainer_state.json	500000	runs_archive/runs_before_20260727_new_training_20260727_203122/segmentation_gena_base_unet/20260721_193044_724214/checkpoint-500000	500000	2026-07-23T19:23:57	/external/nfs/01-home/vsefishman/DNALM/GENATATOR/runs/segmentation_gena_base_unet/20260721_193044_724214/checkpoint-173000	0.12501117768040776	1	2026-08-03T15:50:38+03:00
runs_archive	runs_archive/runs_before_20260727_new_training_20260727_203122/segmentation_gena_large_amt_unet	runs_archive/runs_before_20260727_new_training_20260727_203122/segmentation_gena_large_amt_unet/20260717_220312_610518		TENSORBOARD_ONLY_OR_NO_CHECKPOINT								1	2026-08-03T15:50:38+03:00
runs_archive	runs_archive/runs_before_20260727_new_training_20260727_203122/segmentation_gena_large_rmt_unet	runs_archive/runs_before_20260727_new_training_20260727_203122/segmentation_gena_large_rmt_unet/20260717_100104_769727		COMPLETED_BY_TRAINER_STATE	runs_archive/runs_before_20260727_new_training_20260727_203122/segmentation_gena_large_rmt_unet/20260717_100104_769727/trainer_state.json	500000	runs_archive/runs_before_20260727_new_training_20260727_203122/segmentation_gena_large_rmt_unet/20260717_100104_769727/checkpoint-500000	500000	2026-07-26T06:04:02	/external/nfs/01-home/vsefishman/DNALM/GENATATOR/runs/segmentation_gena_large_rmt_unet/20260717_100104_769727/checkpoint-297000	0.06534945443821881	1	2026-08-03T15:50:38+03:00
runs_archive	runs_archive/runs_before_20260727_new_training_20260727_203122/segmentation_gena_large_rmt_unet_cycles3	runs_archive/runs_before_20260727_new_training_20260727_203122/segmentation_gena_large_rmt_unet_cycles3/20260716_214421_362189		HAS_CHECKPOINTS_NO_COMPLETION_MARKER	runs_archive/runs_before_20260727_new_training_20260727_203122/segmentation_gena_large_rmt_unet_cycles3/20260716_214421_362189/checkpoint-20000/trainer_state.json	20000	runs_archive/runs_before_20260727_new_training_20260727_203122/segmentation_gena_large_rmt_unet_cycles3/20260716_214421_362189/checkpoint-20000	20000	2026-07-17T09:12:51	/external/nfs/01-home/vsefishman/DNALM/GENATATOR/runs/segmentation_gena_large_rmt_unet_cycles3/20260716_214421_362189/checkpoint-1000	0.0249836494440811	1	2026-08-03T15:50:38+03:00
runs_archive	runs_archive/runs_before_20260727_new_training_20260727_203122/segmentation_gena_large_unet	runs_archive/runs_before_20260727_new_training_20260727_203122/segmentation_gena_large_unet/20260716_214427_972285		HAS_CHECKPOINTS_NO_COMPLETION_MARKER	runs_archive/runs_before_20260727_new_training_20260727_203122/segmentation_gena_large_unet/20260716_214427_972285/checkpoint-88000/trainer_state.json	88000	runs_archive/runs_before_20260727_new_training_20260727_203122/segmentation_gena_large_unet/20260716_214427_972285/checkpoint-88000	88000	2026-07-17T09:21:44	/external/nfs/01-home/vsefishman/DNALM/GENATATOR/runs/segmentation_gena_large_unet/20260716_214427_972285/checkpoint-14000	0.16194237918215612	1	2026-08-03T15:50:38+03:00
runs_archive	runs_archive/runs_before_20260727_new_training_20260727_203122/segmentation_gena_large_unet	runs_archive/runs_before_20260727_new_training_20260727_203122/segmentation_gena_large_unet/20260717_100101_386292		HAS_CHECKPOINTS_NO_COMPLETION_MARKER	runs_archive/runs_before_20260727_new_training_20260727_203122/segmentation_gena_large_unet/20260717_100101_386292/checkpoint-69000/trainer_state.json	69000	runs_archive/runs_before_20260727_new_training_20260727_203122/segmentation_gena_large_unet/20260717_100101_386292/checkpoint-69000	69000	2026-07-17T17:42:24	/external/nfs/01-home/vsefishman/DNALM/GENATATOR/runs/segmentation_gena_large_unet/20260717_100101_386292/checkpoint-13000	0.17293742141406326	1	2026-08-03T15:50:38+03:00
runs_archive	runs_archive/runs_before_20260727_new_training_20260727_203122/segmentation_gena_large_unet	runs_archive/runs_before_20260727_new_training_20260727_203122/segmentation_gena_large_unet/resume_102370_ckpt69000_20260717_220715_921260		HAS_CHECKPOINTS_NO_COMPLETION_MARKER	runs_archive/runs_before_20260727_new_training_20260727_203122/segmentation_gena_large_unet/resume_102370_ckpt69000_20260717_220715_921260/checkpoint-298000/trainer_state.json	298000	runs_archive/runs_before_20260727_new_training_20260727_203122/segmentation_gena_large_unet/resume_102370_ckpt69000_20260717_220715_921260/checkpoint-298000	298000	2026-07-19T01:00:13	/external/nfs/01-home/vsefishman/DNALM/GENATATOR/runs/segmentation_gena_large_unet/20260717_100101_386292/checkpoint-13000	0.17293742141406326	1	2026-08-03T15:50:38+03:00
runs_archive	runs_archive/runs_before_20260727_new_training_20260727_203122/segmentation_gena_large_unet	runs_archive/runs_before_20260727_new_training_20260727_203122/segmentation_gena_large_unet/resume_102370_ckpt69000_20260719_010656_516887		HAS_CHECKPOINTS_NO_COMPLETION_MARKER	runs_archive/runs_before_20260727_new_training_20260727_203122/segmentation_gena_large_unet/resume_102370_ckpt69000_20260719_010656_516887/checkpoint-222000/trainer_state.json	222000	runs_archive/runs_before_20260727_new_training_20260727_203122/segmentation_gena_large_unet/resume_102370_ckpt69000_20260719_010656_516887/checkpoint-222000	222000	2026-07-19T18:59:46	/external/nfs/01-home/vsefishman/DNALM/GENATATOR/runs/segmentation_gena_large_unet/20260717_100101_386292/checkpoint-13000	0.17293742141406326	1	2026-08-03T15:50:38+03:00
runs_archive	runs_archive/runs_before_20260727_new_training_20260727_203122/segmentation_gena_large_unet	runs_archive/runs_before_20260727_new_training_20260727_203122/segmentation_gena_large_unet/resume_102370_ckpt69000_20260719_190447_536598		HAS_CHECKPOINTS_NO_COMPLETION_MARKER	runs_archive/runs_before_20260727_new_training_20260727_203122/segmentation_gena_large_unet/resume_102370_ckpt69000_20260719_190447_536598/checkpoint-123000/trainer_state.json	123000	runs_archive/runs_before_20260727_new_training_20260727_203122/segmentation_gena_large_unet/resume_102370_ckpt69000_20260719_190447_536598/checkpoint-123000	123000	2026-07-20T01:21:15	/external/nfs/01-home/vsefishman/DNALM/GENATATOR/runs/segmentation_gena_large_unet/20260717_100101_386292/checkpoint-13000	0.17293742141406326	1	2026-08-03T15:50:38+03:00
runs_archive	runs_archive/runs_before_20260727_new_training_20260727_203122/segmentation_moderngena_base_amt_unet	runs_archive/runs_before_20260727_new_training_20260727_203122/segmentation_moderngena_base_amt_unet/20260717_204617_547911		COMPLETED_BY_TRAINER_STATE	runs_archive/runs_before_20260727_new_training_20260727_203122/segmentation_moderngena_base_amt_unet/20260717_204617_547911/trainer_state.json	500000	runs_archive/runs_before_20260727_new_training_20260727_203122/segmentation_moderngena_base_amt_unet/20260717_204617_547911/checkpoint-500000	500000	2026-07-27T10:24:22	/external/nfs/01-home/vsefishman/DNALM/GENATATOR/runs/segmentation_moderngena_base_amt_unet/20260717_204617_547911/checkpoint-1000	0.0249836494440811	1	2026-08-03T15:50:38+03:00
runs_archive	runs_archive/runs_before_20260727_new_training_20260727_203122/segmentation_moderngena_base_rmt_unet	runs_archive/runs_before_20260727_new_training_20260727_203122/segmentation_moderngena_base_rmt_unet/20260716_192018_521005		HAS_CHECKPOINTS_NO_COMPLETION_MARKER	runs_archive/runs_before_20260727_new_training_20260727_203122/segmentation_moderngena_base_rmt_unet/20260716_192018_521005/checkpoint-45000/trainer_state.json	45000	runs_archive/runs_before_20260727_new_training_20260727_203122/segmentation_moderngena_base_rmt_unet/20260716_192018_521005/checkpoint-45000	45000	2026-07-17T09:24:25	/external/nfs/01-home/vsefishman/DNALM/GENATATOR/runs/segmentation_moderngena_base_rmt_unet/20260716_192018_521005/checkpoint-20000	0.03991516667573006	1	2026-08-03T15:50:38+03:00
runs_archive	runs_archive/runs_before_20260727_new_training_20260727_203122/segmentation_moderngena_base_rmt_unet	runs_archive/runs_before_20260727_new_training_20260727_203122/segmentation_moderngena_base_rmt_unet/20260717_100213_023569		HAS_CHECKPOINTS_NO_COMPLETION_MARKER	runs_archive/runs_before_20260727_new_training_20260727_203122/segmentation_moderngena_base_rmt_unet/20260717_100213_023569/checkpoint-31000/trainer_state.json	31000	runs_archive/runs_before_20260727_new_training_20260727_203122/segmentation_moderngena_base_rmt_unet/20260717_100213_023569/checkpoint-31000	31000	2026-07-17T17:44:37	/external/nfs/01-home/vsefishman/DNALM/GENATATOR/runs/segmentation_moderngena_base_rmt_unet/20260717_100213_023569/checkpoint-26000	0.04240631163708087	1	2026-08-03T15:50:38+03:00
runs_archive	runs_archive/runs_before_20260727_new_training_20260727_203122/segmentation_moderngena_base_rmt_unet	runs_archive/runs_before_20260727_new_training_20260727_203122/segmentation_moderngena_base_rmt_unet/resume_102372_ckpt31000_20260717_211629_344938		HAS_CHECKPOINTS_NO_COMPLETION_MARKER	runs_archive/runs_before_20260727_new_training_20260727_203122/segmentation_moderngena_base_rmt_unet/resume_102372_ckpt31000_20260717_211629_344938/checkpoint-491000/trainer_state.json	491000	runs_archive/runs_before_20260727_new_training_20260727_203122/segmentation_moderngena_base_rmt_unet/resume_102372_ckpt31000_20260717_211629_344938/checkpoint-491000	491000	2026-07-23T15:13:29	/external/nfs/01-home/vsefishman/DNALM/GENATATOR/runs/segmentation_moderngena_base_rmt_unet/resume_102372_ckpt31000_20260717_211629_344938/checkpoint-195000	0.08879421492236111	1	2026-08-03T15:50:38+03:00
runs_archive	runs_archive/runs_before_20260727_new_training_20260727_203122/segmentation_moderngena_base_rmt_unet_cycles3	runs_archive/runs_before_20260727_new_training_20260727_203122/segmentation_moderngena_base_rmt_unet_cycles3/20260716_215606_433331		HAS_CHECKPOINTS_NO_COMPLETION_MARKER	runs_archive/runs_before_20260727_new_training_20260727_203122/segmentation_moderngena_base_rmt_unet_cycles3/20260716_215606_433331/checkpoint-24000/trainer_state.json	24000	runs_archive/runs_before_20260727_new_training_20260727_203122/segmentation_moderngena_base_rmt_unet_cycles3/20260716_215606_433331/checkpoint-24000	24000	2026-07-17T09:14:44	/external/nfs/01-home/vsefishman/DNALM/GENATATOR/runs/segmentation_moderngena_base_rmt_unet_cycles3/20260716_215606_433331/checkpoint-13000	0.03249802163017673	1	2026-08-03T15:50:38+03:00
runs_archive	runs_archive/runs_before_20260727_new_training_20260727_203122/segmentation_moderngena_base_unet	runs_archive/runs_before_20260727_new_training_20260727_203122/segmentation_moderngena_base_unet/20260716_215609_195907		HAS_CHECKPOINTS_NO_COMPLETION_MARKER	runs_archive/runs_before_20260727_new_training_20260727_203122/segmentation_moderngena_base_unet/20260716_215609_195907/checkpoint-44000/trainer_state.json	44000	runs_archive/runs_before_20260727_new_training_20260727_203122/segmentation_moderngena_base_unet/20260716_215609_195907/checkpoint-44000	44000	2026-07-17T09:11:42	/external/nfs/01-home/vsefishman/DNALM/GENATATOR/runs/segmentation_moderngena_base_unet/20260716_215609_195907/checkpoint-20000	0.048286030224843346	1	2026-08-03T15:50:38+03:00
runs_archive	runs_archive/runs_before_20260727_new_training_20260727_203122/segmentation_moderngena_base_unet	runs_archive/runs_before_20260727_new_training_20260727_203122/segmentation_moderngena_base_unet/20260717_100212_696889		HAS_CHECKPOINTS_NO_COMPLETION_MARKER	runs_archive/runs_before_20260727_new_training_20260727_203122/segmentation_moderngena_base_unet/20260717_100212_696889/checkpoint-37000/trainer_state.json	37000	runs_archive/runs_before_20260727_new_training_20260727_203122/segmentation_moderngena_base_unet/20260717_100212_696889/checkpoint-37000	37000	2026-07-17T17:40:27	/external/nfs/01-home/vsefishman/DNALM/GENATATOR/runs/segmentation_moderngena_base_unet/20260717_100212_696889/checkpoint-18000	0.04982592575846634	1	2026-08-03T15:50:38+03:00
runs_archive	runs_archive/runs_before_20260727_new_training_20260727_203122/segmentation_moderngena_base_unet	runs_archive/runs_before_20260727_new_training_20260727_203122/segmentation_moderngena_base_unet/resume_102373_ckpt37000_20260718_090807_938971		HAS_CHECKPOINTS_NO_COMPLETION_MARKER	runs_archive/runs_before_20260727_new_training_20260727_203122/segmentation_moderngena_base_unet/resume_102373_ckpt37000_20260718_090807_938971/checkpoint-43000/trainer_state.json	43000	runs_archive/runs_before_20260727_new_training_20260727_203122/segmentation_moderngena_base_unet/resume_102373_ckpt37000_20260718_090807_938971/checkpoint-43000	43000	2026-07-18T10:47:28	/external/nfs/01-home/vsefishman/DNALM/GENATATOR/runs/segmentation_moderngena_base_unet/20260717_100212_696889/checkpoint-18000	0.04982592575846634	1	2026-08-03T15:50:38+03:00
runs_archive	runs_archive/runs_before_20260727_new_training_20260727_203122/segmentation_moderngena_base_unet	runs_archive/runs_before_20260727_new_training_20260727_203122/segmentation_moderngena_base_unet/resume_102373_ckpt37000_20260718_110050_687362		HAS_CHECKPOINTS_NO_COMPLETION_MARKER	runs_archive/runs_before_20260727_new_training_20260727_203122/segmentation_moderngena_base_unet/resume_102373_ckpt37000_20260718_110050_687362/checkpoint-47000/trainer_state.json	47000	runs_archive/runs_before_20260727_new_training_20260727_203122/segmentation_moderngena_base_unet/resume_102373_ckpt37000_20260718_110050_687362/checkpoint-47000	47000	2026-07-18T13:39:27	/external/nfs/01-home/vsefishman/DNALM/GENATATOR/runs/segmentation_moderngena_base_unet/20260717_100212_696889/checkpoint-18000	0.04982592575846634	1	2026-08-03T15:50:38+03:00
runs_archive	runs_archive/runs_before_20260727_new_training_20260727_203122/segmentation_moderngena_base_unet	runs_archive/runs_before_20260727_new_training_20260727_203122/segmentation_moderngena_base_unet/resume_102373_ckpt37000_20260718_135836_187242		HAS_CHECKPOINTS_NO_COMPLETION_MARKER	runs_archive/runs_before_20260727_new_training_20260727_203122/segmentation_moderngena_base_unet/resume_102373_ckpt37000_20260718_135836_187242/checkpoint-51000/trainer_state.json	51000	runs_archive/runs_before_20260727_new_training_20260727_203122/segmentation_moderngena_base_unet/resume_102373_ckpt37000_20260718_135836_187242/checkpoint-51000	51000	2026-07-18T16:52:12	/external/nfs/01-home/vsefishman/DNALM/GENATATOR/runs/segmentation_moderngena_base_unet/20260717_100212_696889/checkpoint-18000	0.04982592575846634	1	2026-08-03T15:50:38+03:00
runs_archive	runs_archive/runs_before_20260727_new_training_20260727_203122/segmentation_moderngena_base_unet	runs_archive/runs_before_20260727_new_training_20260727_203122/segmentation_moderngena_base_unet/resume_102373_ckpt37000_20260718_170745_319960		HAS_CHECKPOINTS_NO_COMPLETION_MARKER	runs_archive/runs_before_20260727_new_training_20260727_203122/segmentation_moderngena_base_unet/resume_102373_ckpt37000_20260718_170745_319960/checkpoint-38000/trainer_state.json	38000	runs_archive/runs_before_20260727_new_training_20260727_203122/segmentation_moderngena_base_unet/resume_102373_ckpt37000_20260718_170745_319960/checkpoint-38000	38000	2026-07-18T17:38:27	/external/nfs/01-home/vsefishman/DNALM/GENATATOR/runs/segmentation_moderngena_base_unet/20260717_100212_696889/checkpoint-18000	0.04982592575846634	1	2026-08-03T15:50:38+03:00
runs_archive	runs_archive/runs_before_20260727_new_training_20260727_203122/segmentation_moderngena_base_unet	runs_archive/runs_before_20260727_new_training_20260727_203122/segmentation_moderngena_base_unet/resume_102373_ckpt37000_20260718_174943_571114		HAS_CHECKPOINTS_NO_COMPLETION_MARKER	runs_archive/runs_before_20260727_new_training_20260727_203122/segmentation_moderngena_base_unet/resume_102373_ckpt37000_20260718_174943_571114/checkpoint-72000/trainer_state.json	72000	runs_archive/runs_before_20260727_new_training_20260727_203122/segmentation_moderngena_base_unet/resume_102373_ckpt37000_20260718_174943_571114/checkpoint-72000	72000	2026-07-19T01:01:31	/external/nfs/01-home/vsefishman/DNALM/GENATATOR/runs/segmentation_moderngena_base_unet/20260717_100212_696889/checkpoint-18000	0.04982592575846634	1	2026-08-03T15:50:38+03:00
runs_archive	runs_archive/runs_before_20260727_new_training_20260727_203122/segmentation_moderngena_base_unet	runs_archive/runs_before_20260727_new_training_20260727_203122/segmentation_moderngena_base_unet/resume_102373_ckpt37000_20260719_010652_958683		HAS_CHECKPOINTS_NO_COMPLETION_MARKER	runs_archive/runs_before_20260727_new_training_20260727_203122/segmentation_moderngena_base_unet/resume_102373_ckpt37000_20260719_010652_958683/checkpoint-155000/trainer_state.json	155000	runs_archive/runs_before_20260727_new_training_20260727_203122/segmentation_moderngena_base_unet/resume_102373_ckpt37000_20260719_010652_958683/checkpoint-155000	155000	2026-07-20T01:20:13	/external/nfs/01-home/vsefishman/DNALM/GENATATOR/runs/segmentation_moderngena_base_unet/20260717_100212_696889/checkpoint-18000	0.04982592575846634	1	2026-08-03T15:50:38+03:00
runs_archive	runs_archive/runs_before_20260727_new_training_20260727_203122/segmentation_moderngena_large_amt_unet	runs_archive/runs_before_20260727_new_training_20260727_203122/segmentation_moderngena_large_amt_unet/20260717_204650_702603		HAS_CHECKPOINTS_NO_COMPLETION_MARKER	runs_archive/runs_before_20260727_new_training_20260727_203122/segmentation_moderngena_large_amt_unet/20260717_204650_702603/checkpoint-205000/trainer_state.json	205000	runs_archive/runs_before_20260727_new_training_20260727_203122/segmentation_moderngena_large_amt_unet/20260717_204650_702603/checkpoint-205000	205000	2026-07-23T14:37:52	/external/nfs/01-home/vsefishman/DNALM/GENATATOR/runs/segmentation_moderngena_large_amt_unet/20260717_204650_702603/checkpoint-1000	0.0249836494440811	1	2026-08-03T15:50:38+03:00
runs_archive	runs_archive/runs_before_20260727_new_training_20260727_203122/segmentation_moderngena_large_rmt_unet	runs_archive/runs_before_20260727_new_training_20260727_203122/segmentation_moderngena_large_rmt_unet/20260717_204651_839250		COMPLETED_BY_TRAINER_STATE	runs_archive/runs_before_20260727_new_training_20260727_203122/segmentation_moderngena_large_rmt_unet/20260717_204651_839250/trainer_state.json	500000	runs_archive/runs_before_20260727_new_training_20260727_203122/segmentation_moderngena_large_rmt_unet/20260717_204651_839250/checkpoint-500000	500000	2026-07-24T22:28:06	/external/nfs/01-home/vsefishman/DNALM/GENATATOR/runs/segmentation_moderngena_large_rmt_unet/20260717_204651_839250/checkpoint-415000	0.06657568132383673	1	2026-08-03T15:50:38+03:00
runs_archive	runs_archive/runs_before_20260727_new_training_20260727_203122/segmentation_moderngena_large_unet	runs_archive/runs_before_20260727_new_training_20260727_203122/segmentation_moderngena_large_unet/20260717_202629_502094		HAS_CHECKPOINTS_NO_COMPLETION_MARKER	runs_archive/runs_before_20260727_new_training_20260727_203122/segmentation_moderngena_large_unet/20260717_202629_502094/checkpoint-500000/trainer_state.json	500000	runs_archive/runs_before_20260727_new_training_20260727_203122/segmentation_moderngena_large_unet/20260717_202629_502094/checkpoint-500000	500000	2026-07-22T15:06:05	/external/nfs/01-home/vsefishman/DNALM/GENATATOR/runs/segmentation_moderngena_large_unet/20260717_202629_502094/checkpoint-10000	0.1336818932305999	1	2026-08-03T15:50:38+03:00
